,root,triad,bass,fingering
0,A#,dim7,none,"[(9, 4), (8, 2), (9, 3), (8, 1), (-1, -1), (-1, -1)]"
1,A#,dim7,none,"[(-1, -1), (2, 3), (0, 0), (2, 2), (1, 1), (-1, -1)]"
2,A#,dim7,none,"[(-1, -1), (5, 2), (6, 4), (5, 1), (-1, -1), (6, 3)]"
3,A#,7b5,none,"[(-1, -1), (2, 3), (1, 1), (2, 2), (1, 1), (-1, -1)]"
4,A#,7b5,none,"[(9, 4), (9, 3), (9, 2), (8, 1), (-1, -1), (-1, -1)]"
5,A#,dim,none,"[(-1, -1), (2, 4), (3, 3), (2, 2), (1, 1), (-1, -1)]"
6,A#,dim,none,"[(6, 2), (5, 1), (6, 3), (8, 4), (-1, -1), (-1, -1)]"
7,A#,dim,none,"[(-1, -1), (-1, -1), (6, 1), (8, 3), (7, 2), (6, 1)]"
8,A#,6,none,"[(6, 1), (7, 4), (6, 2), (8, 3), (-1, -1), (6, 1)]"
9,A#,m6,none,"[(6, 1), (7, 4), (6, 1), (8, 3), (-1, -1), (6, 1)]"
10,A#,7(b9),none,"[(-1, -1), (-1, -1), (4, 1), (6, 4), (4, 2), (6, 3)]"
11,C#,9b5,none,"[(11, 1), (0, 3), (0, 2), (11, 1), (-1, -1), (-1, -1)]"
12,C#,dim7,none,"[(0, 4), (11, 2), (0, 3), (11, 1), (-1, -1), (-1, -1)]"
13,C#,dim7,none,"[(-1, -1), (5, 4), (3, 1), (5, 3), (4, 2), (-1, -1)]"
14,C#,dim7,none,"[(3, 1), (5, 4), (3, 1), (5, 3), (4, 2), (-1, -1)]"
15,C#,11,none,"[(4, 1), (4, 1), (4, 1), (4, 1), (4, 1), (-1, -1)]"
16,C#,11,none,"[(7, 1), (7, 1), (8, 2), (9, 3), (-1, -1), (9, 4)]"
17,C#,11,none,"[(11, 1), (0, 2), (11, 1), (11, 1), (-1, -1), (-1, -1)]"
18,C#,m11,none,"[(4, 1), (5, 2), (4, 1), (4, 1), (4, 1), (-1, -1)]"
19,C#,m11,none,"[(-1, -1), (7, 1), (9, 4), (9, 3), (-1, -1), (9, 2)]"
20,C#,m11,none,"[(-1, -1), (5, 2), (4, 1), (4, 1), (4, 1), (-1, -1)]"
21,C#,m11,none,"[(2, 1), (2, 1), (4, 3), (2, 1), (4, 2), (-1, -1)]"
22,C#,m11,none,"[(2, 1), (4, 4), (4, 3), (2, 1), (4, 2), (-1, -1)]"
23,C#,m11,none,"[(7, 1), (7, 1), (9, 4), (9, 3), (-1, -1), (9, 2)]"
24,C#,m7b5,none,"[(0, 0), (0, 0), (0, 0), (2, 1), (4, 3), (-1, -1)]"
25,C#,m7b5,none,"[(0, 0), (5, 4), (4, 2), (5, 3), (4, 1), (-1, -1)]"
26,C#,m7b5,none,"[(-1, -1), (8, 1), (9, 4), (9, 3), (-1, -1), (9, 2)]"
27,C#,m7b5,none,"[(-1, -1), (5, 4), (4, 2), (5, 3), (4, 1), (-1, -1)]"
28,C#,m7b5,none,"[(0, 3), (0, 3), (0, 3), (11, 1), (-1, -1), (-1, -1)]"
29,C#,m7b5,none,"[(-1, -1), (5, 4), (4, 2), (5, 3), (4, 1), (-1, -1)]"
30,C#,min,none,"[(4, 1), (5, 2), (6, 4), (6, 3), (4, 1), (-1, -1)]"
31,C#,min,none,"[(9, 1), (9, 1), (9, 1), (11, 4), (11, 3), (9, 1)]"
32,C#,min,none,"[(0, 2), (2, 4), (1, 3), (11, 1), (-1, -1), (-1, -1)]"
33,C#,min,none,"[(-1, -1), (5, 2), (6, 4), (6, 3), (4, 1), (-1, -1)]"
34,C#,min,none,"[(9, 1), (9, 1), (9, 1), (11, 3), (-1, -1), (-1, -1)]"
35,C#,min7,none,"[(-1, -1), (2, 1), (4, 4), (2, 1), (4, 3), (-1, -1)]"
36,C#,min7,none,"[(4, 1), (5, 2), (4, 1), (6, 3), (4, 1), (-1, -1)]"
37,C#,min7,none,"[(9, 1), (0, 4), (9, 1), (9, 1), (11, 3), (9, 1)]"
38,C#,min7,none,"[(9, 1), (9, 1), (9, 1), (9, 1), (11, 3), (9, 1)]"
39,C#,min7,none,"[(-1, -1), (9, 3), (9, 3), (9, 3), (-1, -1), (9, 2)]"
40,C#,min7,none,"[(4, 3), (5, 4), (4, 2), (-1, -1), (4, 1), (-1, -1)]"
41,C#,min7,none,"[(0, 0), (0, 0), (9, 4), (9, 3), (7, 1), (9, 2)]"
42,C#,min7,none,"[(-1, -1), (5, 4), (4, 3), (2, 1), (4, 2), (-1, -1)]"
43,C#,min7,none,"[(-1, -1), (5, 2), (4, 1), (6, 3), (4, 1), (-1, -1)]"
44,C#,min7,none,"[(0, 0), (0, 0), (6, 4), (6, 3), (4, 1), (-1, -1)]"
45,C#,min7,none,"[(7, 4), (5, 2), (4, 1), (-1, -1), (4, 1), (-1, -1)]"
46,C#,min7,none,"[(9, 1), (9, 1), (9, 1), (9, 1), (-1, -1), (9, 1)]"
47,C#,dim,none,"[(-1, -1), (5, 3), (6, 4), (5, 2), (4, 1), (-1, -1)]"
48,C#,dim,none,"[(9, 2), (8, 1), (9, 3), (11, 4), (-1, -1), (-1, -1)]"
49,C#,dim,none,"[(-1, -1), (-1, -1), (9, 1), (11, 3), (10, 2), (9, 1)]"
50,C#,7sus4,none,"[(-1, -1), (2, 1), (4, 4), (4, 3), (4, 2), (-1, -1)]"
51,C#,7sus4,none,"[(4, 1), (7, 4), (4, 1), (6, 3), (4, 1), (-1, -1)]"
52,C#,7sus4,none,"[(9, 1), (9, 1), (11, 4), (9, 1), (11, 3), (9, 1)]"
53,C#,m6,none,"[(-1, -1), (2, 1), (3, 2), (2, 1), (4, 3), (-1, -1)]"
54,C#,m6,none,"[(6, 4), (5, 2), (6, 3), (-1, -1), (4, 1), (-1, -1)]"
55,C#,m6,none,"[(9, 1), (11, 4), (9, 1), (11, 3), (-1, -1), (9, 1)]"
56,C#,m9,none,"[(-1, -1), (4, 4), (4, 3), (2, 1), (4, 2), (-1, -1)]"
57,C#,m9,none,"[(-1, -1), (-1, -1), (8, 2), (9, 4), (7, 1), (9, 3)]"
58,C#,m9,none,"[(11, 4), (9, 1), (9, 1), (9, 1), (11, 3), (9, 1)]"
59,C#,m9,none,"[(11, 4), (9, 1), (9, 1), (9, 1), (-1, -1), (9, 1)]"
60,C#,sus4,none,"[(4, 1), (7, 4), (6, 3), (6, 2), (4, 1), (-1, -1)]"
61,C#,sus4,none,"[(9, 1), (9, 1), (11, 4), (11, 3), (9, 1), (9, 1)]"
62,D#,7,none,"[(-1, -1), (4, 1), (6, 4), (4, 2), (6, 3), (-1, -1)]"
63,D#,7,none,"[(6, 1), (7, 4), (6, 1), (8, 3), (6, 1), (-1, -1)]"
64,D#,7,none,"[(11, 1), (2, 4), (11, 2), (11, 1), (1, 3), (11, 1)]"
65,D#,dim7,none,"[(-1, -1), (7, 4), (5, 1), (7, 3), (6, 2), (-1, -1)]"
66,D#,dim7,none,"[(2, 4), (1, 2), (2, 3), (1, 1), (-1, -1), (-1, -1)]"
67,D#,dim7,none,"[(5, 1), (7, 4), (5, 1), (7, 3), (6, 2), (-1, -1)]"
68,D#,dim7,none,"[(-1, -1), (10, 2), (11, 4), (10, 1), (-1, -1), (11, 3)]"
69,D#,aug,none,"[(11, 1), (11, 3), (11, 2), (1, 4), (-1, -1), (-1, -1)]"
70,D#,maj,none,"[(2, 1), (4, 2), (3, 1), (4, 3), (6, 4), (-1, -1)]"
71,D#,maj,none,"[(-1, -1), (7, 3), (8, 3), (8, 3), (6, 1), (-1, -1)]"
72,D#,maj,none,"[(11, 1), (11, 1), (11, 2), (1, 4), (1, 3), (11, 1)]"
73,D#,m11,none,"[(6, 1), (7, 2), (6, 1), (6, 1), (6, 1), (-1, -1)]"
74,D#,min,none,"[(6, 1), (7, 2), (8, 4), (8, 3), (6, 1), (-1, -1)]"
75,D#,min,none,"[(11, 1), (11, 1), (11, 1), (1, 4), (1, 3), (11, 1)]"
76,D#,7b5,none,"[(2, 4), (2, 3), (2, 2), (1, 1), (-1, -1), (-1, -1)]"
77,D#,7b5,none,"[(-1, -1), (7, 3), (6, 1), (7, 2), (6, 1), (-1, -1)]"
78,D#,min7,none,"[(-1, -1), (4, 1), (6, 4), (4, 1), (6, 3), (-1, -1)]"
79,D#,min7,none,"[(6, 1), (7, 2), (6, 1), (8, 3), (6, 1), (-1, -1)]"
80,D#,min7,none,"[(11, 1), (2, 4), (11, 1), (11, 1), (1, 3), (11, 1)]"
81,D#,dim,none,"[(2, 4), (4, 3), (2, 2), (1, 1), (-1, -1), (-1, -1)]"
82,D#,dim,none,"[(-1, -1), (7, 4), (8, 3), (7, 2), (6, 1), (-1, -1)]"
83,D#,dim,none,"[(11, 2), (10, 1), (11, 3), (1, 4), (-1, -1), (-1, -1)]"
84,D#,7(#5),none,"[(6, 2), (7, 3), (6, 1), (8, 4), (6, 1), (-1, -1)]"
85,D#,7(#5),none,"[(11, 1), (11, 3), (11, 2), (11, 1), (-1, -1), (11, 1)]"
86,D#,7sus4,none,"[(-1, -1), (4, 1), (6, 4), (6, 3), (6, 2), (-1, -1)]"
87,D#,7sus4,none,"[(6, 1), (9, 4), (6, 1), (8, 3), (6, 1), (-1, -1)]"
88,D#,7sus4,none,"[(11, 1), (11, 1), (1, 4), (11, 1), (1, 3), (11, 1)]"
89,D#,maj7,none,"[(2, 1), (2, 1), (3, 1), (4, 3), (6, 4), (-1, -1)]"
90,D#,maj7,none,"[(6, 1), (7, 4), (6, 2), (8, 3), (6, 1), (-1, -1)]"
91,D#,maj7,none,"[(9, 1), (11, 2), (11, 3), (1, 4), (-1, -1), (-1, -1)]"
92,D#,7(b9),none,"[(0, 0), (2, 3), (11, 0), (1, 1), (-1, -1), (-1, -1)]"
93,D#,7(b9),none,"[(-1, -1), (5, 1), (6, 3), (4, 1), (6, 2), (-1, -1)]"
94,D#,7(b9),none,"[(0, 3), (11, 1), (11, 2), (11, 1), (-1, -1), (11, 1)]"
95,D#,sus4,none,"[(-1, -1), (4, 2), (3, 1), (6, 4), (6, 3), (-1, -1)]"
96,D#,sus4,none,"[(6, 1), (9, 4), (8, 3), (8, 2), (6, 1), (-1, -1)]"
97,D#,sus4,none,"[(11, 1), (11, 1), (1, 4), (1, 3), (11, 1), (11, 1)]"
98,F#,13,none,"[(4, 4), (4, 3), (3, 2), (2, 1), (-1, -1), (2, 1)]"
99,F#,13,none,"[(11, 4), (9, 3), (9, 3), (8, 1), (9, 2), (-1, -1)]"
100,F#,13,none,"[(11, 4), (9, 1), (9, 1), (11, 3), (9, 1), (-1, -1)]"
101,F#,13,none,"[(-1, -1), (4, 4), (3, 3), (2, 2), (-1, -1), (2, 1)]"
102,F#,7(#9),none,"[(2, 3), (2, 3), (1, 3), (2, 3), (1, 1), (2, 2)]"
103,F#,7(#9),none,"[(4, 4), (2, 1), (3, 2), (2, 1), (4, 3), (2, 1)]"
104,F#,7(#9),none,"[(-1, -1), (9, 4), (9, 3), (8, 1), (9, 2), (-1, -1)]"
105,F#,9,none,"[(4, 1), (5, 2), (6, 3), (4, 1), (-1, -1), (-1, -1)]"
106,F#,9,none,"[(-1, -1), (9, 4), (9, 3), (8, 1), (9, 2), (-1, -1)]"
107,F#,9,none,"[(9, 3), (9, 3), (9, 3), (8, 1), (9, 2), (-1, -1)]"
108,F#,9b5,none,"[(2, 4), (1, 1), (1, 1), (2, 3), (1, 1), (2, 2)]"
109,F#,9b5,none,"[(4, 1), (5, 3), (5, 2), (4, 1), (-1, -1), (-1, -1)]"
110,F#,7,none,"[(2, 1), (5, 4), (3, 2), (2, 1), (4, 3), (2, 1)]"
111,F#,7,none,"[(-1, -1), (7, 1), (9, 4), (8, 2), (9, 3), (-1, -1)]"
112,F#,7,none,"[(9, 1), (11, 4), (9, 1), (11, 3), (9, 1), (-1, -1)]"
113,F#,7,none,"[(2, 1), (2, 1), (3, 2), (2, 1), (4, 3), (2, 1)]"
114,F#,7,none,"[(-1, -1), (2, 3), (3, 4), (2, 2), (-1, -1), (2, 1)]"
115,F#,dim7,none,"[(5, 4), (4, 2), (5, 3), (4, 1), (-1, -1), (-1, -1)]"
116,F#,dim7,none,"[(2, 1), (4, 4), (2, 1), (4, 3), (3, 2), (2, 1)]"
117,F#,dim7,none,"[(-1, -1), (10, 4), (8, 1), (10, 3), (9, 2), (-1, -1)]"
118,F#,dim7,none,"[(-1, -1), (1, 1), (2, 3), (1, 1), (-1, -1), (2, 2)]"
119,F#,aug,none,"[(-1, -1), (7, 1), (6, 1), (8, 2), (9, 3), (-1, -1)]"
120,F#,maj,none,"[(2, 1), (2, 1), (3, 2), (4, 4), (4, 3), (2, 1)]"
121,F#,maj,none,"[(6, 1), (7, 2), (6, 1), (8, 3), (9, 4), (-1, -1)]"
122,F#,maj,none,"[(-1, -1), (11, 3), (11, 3), (11, 3), (9, 1), (-1, -1)]"
123,F#,maj,none,"[(-1, -1), (-1, -1), (3, 2), (4, 4), (4, 3), (2, 1)]"
124,F#,maj,none,"[(2, 1), (2, 1), (3, 2), (4, 3), (-1, -1), (-1, -1)]"
125,F#,11,none,"[(0, 0), (0, 0), (1, 1), (2, 3), (-1, -1), (2, 2)]"
126,F#,11,none,"[(4, 1), (5, 2), (4, 1), (4, 1), (-1, -1), (-1, -1)]"
127,F#,11,none,"[(9, 1), (9, 1), (9, 1), (9, 1), (9, 1), (-1, -1)]"
128,F#,m11,none,"[(0, 0), (0, 0), (9, 4), (7, 1), (9, 3), (-1, -1)]"
129,F#,m11,none,"[(0, 0), (0, 0), (2, 1), (4, 4), (4, 3), (2, 1)]"
130,F#,m11,none,"[(-1, -1), (10, 2), (9, 1), (9, 1), (9, 1), (-1, -1)]"
131,F#,m11,none,"[(-1, -1), (0, 0), (2, 4), (2, 3), (-1, -1), (2, 2)]"
132,F#,m11,none,"[(0, 0), (0, 0), (2, 4), (2, 3), (-1, -1), (2, 2)]"
133,F#,m11,none,"[(0, 0), (0, 0), (11, 4), (11, 3), (9, 1), (-1, -1)]"
134,F#,min,none,"[(2, 1), (2, 1), (2, 1), (4, 4), (4, 3), (2, 1)]"
135,F#,min,none,"[(5, 2), (7, 4), (6, 3), (4, 1), (-1, -1), (-1, -1)]"
136,F#,min,none,"[(9, 1), (10, 2), (11, 4), (11, 3), (9, 1), (-1, -1)]"
137,F#,min,none,"[(-1, -1), (10, 2), (11, 4), (11, 3), (9, 1), (-1, -1)]"
138,F#,min,none,"[(2, 1), (2, 1), (2, 1), (4, 3), (-1, -1), (-1, -1)]"
139,F#,7b5,none,"[(-1, -1), (-1, -1), (3, 4), (2, 2), (3, 3), (2, 1)]"
140,F#,7b5,none,"[(6, 4), (5, 3), (5, 2), (4, 1), (-1, -1), (-1, -1)]"
141,F#,7b5,none,"[(-1, -1), (11, 3), (9, 1), (10, 2), (9, 1), (-1, -1)]"
142,F#,min7,none,"[(2, 1), (5, 4), (2, 1), (2, 1), (4, 3), (2, 1)]"
143,F#,min7,none,"[(5, 3), (5, 2), (6, 4), (4, 1), (-1, -1), (-1, -1)]"
144,F#,min7,none,"[(9, 1), (10, 2), (9, 1), (11, 3), (9, 1), (-1, -1)]"
145,F#,min7,none,"[(2, 1), (2, 1), (2, 1), (2, 1), (4, 3), (2, 1)]"
146,F#,min7,none,"[(-1, -1), (10, 4), (9, 3), (7, 1), (9, 2), (-1, -1)]"
147,F#,min7,none,"[(-1, -1), (2, 3), (2, 3), (2, 3), (-1, -1), (2, 2)]"
148,F#,min7,none,"[(5, 4), (2, 1), (2, 1), (2, 1), (4, 3), (2, 1)]"
149,F#,dim,none,"[(-1, -1), (-1, -1), (2, 1), (4, 3), (3, 2), (2, 1)]"
150,F#,dim,none,"[(5, 3), (7, 4), (5, 2), (4, 1), (-1, -1), (-1, -1)]"
151,F#,dim,none,"[(-1, -1), (10, 4), (11, 3), (10, 2), (9, 1), (-1, -1)]"
152,F#,dim,none,"[(-1, -1), (1, 1), (2, 3), (4, 4), (-1, -1), (2, 2)]"
153,F#,6,none,"[(2, 1), (4, 4), (3, 2), (4, 3), (-1, -1), (2, 1)]"
154,F#,6,none,"[(-1, -1), (7, 1), (8, 3), (8, 2), (9, 4), (-1, -1)]"
155,F#,6,none,"[(11, 3), (11, 3), (11, 3), (11, 3), (9, 1), (-1, -1)]"
156,F#,6,none,"[(-1, -1), (2, 3), (3, 4), (1, 1), (-1, -1), (2, 2)]"
157,F#,7(#5),none,"[(2, 1), (2, 3), (3, 2), (2, 1), (-1, -1), (2, 1)]"
158,F#,7(#5),none,"[(9, 2), (11, 3), (9, 1), (11, 4), (9, 1), (-1, -1)]"
159,F#,7sus4,none,"[(2, 1), (2, 1), (4, 4), (2, 1), (4, 3), (2, 1)]"
160,F#,7sus4,none,"[(-1, -1), (7, 1), (9, 4), (9, 3), (9, 2), (-1, -1)]"
161,F#,7sus4,none,"[(9, 1), (0, 4), (9, 1), (11, 3), (9, 1), (-1, -1)]"
162,F#,7sus4,none,"[(0, 0), (2, 2), (4, 4), (4, 3), (-1, -1), (-1, -1)]"
163,F#,m6,none,"[(2, 1), (4, 4), (2, 1), (4, 3), (-1, -1), (2, 1)]"
164,F#,m6,none,"[(-1, -1), (7, 1), (8, 2), (7, 1), (9, 3), (-1, -1)]"
165,F#,m6,none,"[(11, 4), (10, 2), (11, 3), (-1, -1), (9, 1), (-1, -1)]"
166,F#,7(b9),none,"[(3, 3), (2, 1), (3, 2), (2, 1), (-1, -1), (2, 1)]"
167,F#,7(b9),none,"[(3, 1), (5, 3), (3, 1), (4, 2), (-1, -1), (-1, -1)]"
168,F#,7(b9),none,"[(-1, -1), (8, 1), (9, 3), (8, 1), (9, 2), (-1, -1)]"
169,F#,m9,none,"[(4, 4), (2, 1), (2, 1), (2, 1), (4, 3), (2, 1)]"
170,F#,m9,none,"[(4, 3), (5, 4), (2, 1), (4, 2), (-1, -1), (-1, -1)]"
171,F#,m9,none,"[(-1, -1), (9, 4), (9, 3), (7, 1), (9, 2), (-1, -1)]"
172,F#,sus4,none,"[(2, 1), (2, 1), (4, 4), (4, 3), (2, 1), (2, 1)]"
173,F#,sus4,none,"[(-1, -1), (7, 2), (6, 1), (9, 4), (9, 3), (-1, -1)]"
174,F#,sus4,none,"[(9, 1), (0, 4), (11, 3), (11, 2), (9, 1), (-1, -1)]"
175,F#,sus4,none,"[(-1, -1), (0, 4), (11, 3), (11, 3), (9, 1), (-1, -1)]"
176,F#,6/9,none,"[(2, 4), (2, 3), (1, 1), (1, 1), (1, 1), (2, 2)]"
177,F#,6/9,none,"[(4, 4), (4, 3), (3, 1), (4, 2), (-1, -1), (-1, -1)]"
178,F#,6/9,none,"[(9, 4), (9, 3), (8, 1), (8, 1), (9, 2), (-1, -1)]"
179,G#,9b5,none,"[(6, 1), (7, 3), (7, 2), (6, 1), (-1, -1), (-1, -1)]"
180,G#,dim7,none,"[(-1, -1), (-1, -1), (4, 3), (3, 1), (5, 4), (4, 2)]"
181,G#,dim7,none,"[(-1, -1), (3, 1), (4, 3), (3, 1), (-1, -1), (4, 2)]"
182,G#,11,none,"[(2, 1), (2, 1), (3, 2), (4, 4), (-1, -1), (4, 3)]"
183,G#,11,none,"[(6, 1), (7, 2), (6, 1), (6, 1), (-1, -1), (-1, -1)]"
184,G#,11,none,"[(11, 1), (11, 1), (11, 1), (11, 1), (11, 1), (-1, -1)]"
185,G#,maj9,none,"[(2, 1), (4, 2), (3, 1), (6, 4), (-1, -1), (-1, -1)]"
186,G#,m11,none,"[(-1, -1), (2, 1), (4, 4), (4, 3), (-1, -1), (4, 2)]"
187,G#,m7b5,none,"[(-1, -1), (3, 1), (4, 4), (4, 3), (-1, -1), (4, 2)]"
188,G#,min,none,"[(4, 1), (4, 1), (4, 1), (6, 4), (6, 3), (4, 1)]"
189,G#,min,none,"[(7, 2), (9, 4), (8, 3), (6, 1), (-1, -1), (-1, -1)]"
190,G#,min,none,"[(11, 1), (0, 2), (1, 4), (1, 3), (11, 1), (-1, -1)]"
191,G#,min,none,"[(-1, -1), (4, 1), (4, 1), (6, 4), (6, 3), (4, 1)]"
192,G#,min7,none,"[(4, 1), (7, 4), (4, 1), (4, 1), (6, 3), (4, 1)]"
193,G#,min7,none,"[(7, 3), (7, 2), (8, 4), (6, 1), (-1, -1), (-1, -1)]"
194,G#,min7,none,"[(11, 1), (0, 2), (11, 1), (1, 3), (11, 1), (-1, -1)]"
195,G#,min7,none,"[(-1, -1), (4, 3), (4, 3), (4, 3), (-1, -1), (4, 2)]"
196,G#,min7,none,"[(7, 4), (4, 1), (4, 1), (4, 1), (6, 3), (4, 1)]"
197,G#,min7,none,"[(-1, -1), (0, 0), (4, 4), (4, 3), (2, 1), (4, 2)]"
198,G#,min7,none,"[(-1, -1), (0, 4), (11, 3), (9, 1), (11, 2), (-1, -1)]"
199,G#,min7,none,"[(4, 1), (4, 1), (4, 1), (4, 1), (6, 3), (4, 1)]"
200,G#,min7,none,"[(-1, -1), (4, 1), (4, 1), (4, 1), (6, 3), (4, 1)]"
201,G#,dim,none,"[(4, 2), (3, 1), (4, 3), (6, 4), (-1, -1), (-1, -1)]"
202,G#,dim,none,"[(-1, -1), (-1, -1), (4, 1), (6, 4), (5, 2), (4, 1)]"
203,G#,dim,none,"[(-1, -1), (0, 3), (1, 4), (0, 2), (11, 1), (-1, -1)]"
204,G#,7sus4,none,"[(4, 1), (4, 1), (6, 4), (4, 1), (6, 3), (4, 1)]"
205,G#,7sus4,none,"[(9, 4), (7, 2), (8, 3), (6, 1), (-1, -1), (-1, -1)]"
206,G#,m9,none,"[(6, 4), (4, 1), (4, 1), (4, 1), (6, 3), (4, 1)]"
207,G#,m9,none,"[(6, 3), (7, 4), (4, 1), (6, 2), (-1, -1), (-1, -1)]"
208,G#,m9,none,"[(-1, -1), (11, 4), (11, 3), (9, 1), (11, 2), (-1, -1)]"
209,G#,m9,none,"[(4, 4), (0, 0), (3, 1), (4, 3), (-1, -1), (4, 2)]"
210,G#,sus4,none,"[(4, 1), (4, 1), (6, 4), (6, 3), (4, 1), (4, 1)]"
211,G#,sus4,none,"[(9, 4), (9, 3), (8, 2), (6, 1), (-1, -1), (-1, -1)]"
212,G#,13,none,"[(1, 1), (1, 1), (3, 2), (4, 4), (-1, -1), (4, 3)]"
213,G#,13,none,"[(6, 4), (6, 3), (5, 2), (4, 1), (-1, -1), (4, 1)]"
214,G#,13,none,"[(1, 4), (11, 3), (11, 3), (10, 1), (11, 2), (-1, -1)]"
215,G#,13,none,"[(-1, -1), (6, 4), (5, 3), (4, 2), (-1, -1), (4, 1)]"
216,G#,7(#9),none,"[(4, 3), (4, 3), (4, 3), (4, 3), (3, 1), (4, 2)]"
217,G#,7(#9),none,"[(7, 4), (4, 1), (5, 2), (4, 1), (6, 3), (4, 1)]"
218,G#,7(#9),none,"[(-1, -1), (0, 4), (11, 3), (10, 1), (11, 2), (-1, -1)]"
219,G#,9,none,"[(-1, -1), (11, 4), (11, 3), (10, 1), (11, 2), (-1, -1)]"
220,G#,9b5,none,"[(4, 4), (4, 1), (3, 1), (4, 3), (3, 1), (4, 2)]"
221,G#,9b5,none,"[(6, 1), (7, 3), (8, 2), (6, 1), (-1, -1), (-1, -1)]"
222,G#,maj13,none,"[(3, 1), (4, 3), (3, 1), (3, 1), (3, 1), (4, 2)]"
223,G#,maj13,none,"[(-1, -1), (6, 4), (5, 3), (5, 2), (-1, -1), (4, 1)]"
224,G#,maj13,none,"[(3, 1), (6, 4), (3, 1), (3, 1), (-1, -1), (4, 2)]"
225,G#,7,none,"[(4, 1), (7, 4), (5, 2), (4, 1), (6, 3), (4, 1)]"
226,G#,7,none,"[(11, 1), (1, 4), (11, 1), (1, 3), (11, 1), (-1, -1)]"
227,G#,7,none,"[(4, 1), (4, 1), (5, 2), (4, 1), (6, 3), (4, 1)]"
228,G#,7,none,"[(8, 4), (7, 2), (8, 3), (6, 1), (-1, -1), (-1, -1)]"
229,G#,7,none,"[(-1, -1), (7, 4), (5, 2), (-1, -1), (6, 3), (4, 1)]"
230,G#,7,none,"[(-1, -1), (7, 4), (5, 2), (4, 1), (6, 3), (4, 1)]"
231,G#,maj,none,"[(4, 1), (4, 1), (5, 2), (6, 4), (6, 3), (4, 1)]"
232,G#,maj,none,"[(8, 1), (9, 2), (8, 1), (10, 3), (11, 4), (-1, -1)]"
233,G#,maj,none,"[(-1, -1), (1, 1), (1, 1), (1, 1), (-1, -1), (4, 4)]"
234,G#,maj,none,"[(-1, -1), (1, 4), (1, 4), (1, 4), (11, 1), (-1, -1)]"
235,G#,maj,none,"[(4, 1), (4, 1), (5, 2), (6, 3), (-1, -1), (-1, -1)]"
236,G#,maj,none,"[(-1, -1), (-1, -1), (5, 2), (6, 4), (6, 3), (4, 1)]"
237,G#,maj,none,"[(4, 1), (4, 1), (5, 2), (-1, -1), (-1, -1), (4, 1)]"
238,G#,maj,none,"[(11, 1), (1, 4), (1, 3), (1, 2), (11, 1), (-1, -1)]"
239,G#,11,none,"[(2, 1), (2, 1), (3, 2), (4, 4), (-1, -1), (4, 3)]"
240,G#,11,none,"[(6, 1), (7, 2), (6, 1), (6, 1), (-1, -1), (-1, -1)]"
241,G#,11,none,"[(11, 1), (11, 1), (11, 1), (11, 1), (11, 1), (-1, -1)]"
242,G#,maj9,none,"[(-1, -1), (4, 3), (3, 1), (5, 4), (3, 1), (4, 2)]"
243,G#,maj9,none,"[(3, 1), (4, 2), (3, 1), (6, 4), (-1, -1), (-1, -1)]"
244,G#,maj9,none,"[(-1, -1), (11, 3), (0, 4), (10, 1), (11, 2), (-1, -1)]"
245,G#,7b5,none,"[(-1, -1), (-1, -1), (5, 4), (4, 2), (6, 3), (4, 1)]"
246,G#,7b5,none,"[(8, 4), (7, 3), (8, 2), (6, 1), (-1, -1), (-1, -1)]"
247,G#,6,none,"[(4, 1), (6, 4), (5, 2), (6, 3), (-1, -1), (4, 1)]"
248,G#,6,none,"[(-1, -1), (9, 1), (10, 3), (10, 2), (11, 4), (-1, -1)]"
249,G#,6,none,"[(4, 1), (6, 4), (5, 2), (6, 3), (-1, -1), (-1, -1)]"
250,G#,6,none,"[(8, 4), (6, 1), (8, 3), (6, 1), (-1, -1), (-1, -1)]"
251,G#,7(#5),none,"[(4, 1), (5, 3), (5, 2), (4, 1), (-1, -1), (4, 1)]"
252,G#,7(#5),none,"[(0, 2), (1, 3), (11, 1), (2, 4), (11, 1), (-1, -1)]"
253,G#,7(#5),none,"[(-1, -1), (5, 4), (5, 3), (4, 2), (-1, -1), (4, 1)]"
254,G#,7sus4,none,"[(4, 1), (4, 1), (6, 4), (4, 1), (6, 3), (4, 1)]"
255,G#,7sus4,none,"[(9, 4), (7, 2), (8, 3), (6, 1), (-1, -1), (-1, -1)]"
256,G#,maj7,none,"[(3, 1), (4, 2), (5, 3), (6, 4), (-1, -1), (-1, -1)]"
257,G#,maj7,none,"[(-1, -1), (4, 1), (5, 3), (5, 2), (6, 4), (4, 1)]"
258,G#,maj7,none,"[(8, 1), (8, 1), (8, 1), (10, 3), (11, 4), (-1, -1)]"
259,G#,maj7,none,"[(-1, -1), (-1, -1), (0, 0), (5, 4), (3, 1), (4, 2)]"
260,G#,maj7,none,"[(-1, -1), (4, 2), (5, 4), (5, 3), (-1, -1), (4, 1)]"
261,G#,maj7,none,"[(-1, -1), (9, 1), (0, 0), (10, 2), (11, 3), (-1, -1)]"
262,G#,maj7,none,"[(3, 1), (4, 2), (5, 4), (5, 3), (-1, -1), (4, 2)]"
263,G#,maj7,none,"[(8, 3), (8, 3), (8, 3), (6, 1), (-1, -1), (-1, -1)]"
264,G#,7(#11),none,"[(-1, -1), (3, 1), (5, 4), (4, 3), (-1, -1), (4, 2)]"
265,G#,7(b9),none,"[(-1, -1), (-1, -1), (3, 1), (4, 4), (3, 2), (4, 3)]"
266,G#,7(b9),none,"[(6, 3), (4, 1), (5, 2), (4, 1), (-1, -1), (4, 1)]"
267,G#,7(b9),none,"[(-1, -1), (11, 1), (11, 3), (10, 1), (11, 2), (-1, -1)]"
268,G#,sus4,none,"[(4, 1), (4, 1), (6, 4), (6, 3), (4, 1), (4, 1)]"
269,G#,sus4,none,"[(9, 4), (9, 3), (8, 2), (6, 1), (-1, -1), (-1, -1)]"
270,G#,6/9,none,"[(4, 4), (4, 3), (3, 1), (3, 1), (3, 1), (4, 2)]"
271,G#,6/9,none,"[(6, 4), (6, 3), (5, 1), (6, 2), (-1, -1), (-1, -1)]"
272,G#,6/9,none,"[(11, 4), (11, 3), (10, 1), (10, 1), (11, 2), (-1, -1)]"
273,A#,13,none,"[(3, 4), (1, 3), (1, 2), (0, 0), (1, 1), (-1, -1)]"
274,A#,13,none,"[(3, 1), (3, 1), (5, 2), (6, 3), (-1, -1), (6, 4)]"
275,A#,13,none,"[(8, 4), (8, 3), (7, 2), (6, 1), (-1, -1), (6, 1)]"
276,A#,13,none,"[(-1, -1), (8, 4), (7, 3), (6, 2), (-1, -1), (6, 1)]"
277,A#,13,none,"[(6, 1), (8, 3), (7, 2), (6, 1), (-1, -1), (6, 1)]"
278,A#,6(#11),none,"[(0, 0), (3, 4), (0, 0), (3, 3), (1, 1), (-1, -1)]"
279,A#,7(#9),none,"[(1, 3), (2, 4), (1, 2), (0, 0), (1, 1), (-1, -1)]"
280,A#,7(#9),none,"[(-1, -1), (6, 3), (6, 3), (6, 3), (5, 1), (6, 2)]"
281,A#,7(#9),none,"[(9, 4), (6, 1), (7, 2), (6, 1), (8, 3), (6, 1)]"
282,A#,9,none,"[(-1, -1), (1, 4), (1, 3), (0, 0), (1, 2), (-1, -1)]"
283,A#,9,none,"[(8, 4), (6, 1), (7, 2), (6, 1), (-1, -1), (6, 1)]"
284,A#,9,none,"[(1, 3), (1, 3), (1, 3), (0, 1), (1, 2), (-1, -1)]"
285,A#,9,none,"[(-1, -1), (1, 4), (1, 3), (0, 1), (1, 2), (-1, -1)]"
286,A#,9,none,"[(-1, -1), (-1, -1), (5, 1), (6, 3), (5, 1), (6, 2)]"
287,A#,9,none,"[(1, 3), (1, 3), (1, 3), (0, 0), (1, 2), (-1, -1)]"
288,A#,maj13,none,"[(5, 1), (6, 3), (5, 1), (5, 1), (5, 1), (6, 2)]"
289,A#,maj13,none,"[(3, 1), (3, 1), (5, 2), (7, 4), (-1, -1), (6, 3)]"
290,A#,7,none,"[(1, 1), (3, 4), (1, 1), (3, 3), (1, 1), (-1, -1)]"
291,A#,7,none,"[(6, 1), (9, 4), (7, 2), (6, 1), (8, 3), (6, 1)]"
292,A#,7,none,"[(10, 4), (9, 2), (10, 3), (8, 1), (-1, -1), (-1, -1)]"
293,A#,7,none,"[(6, 1), (6, 1), (7, 2), (6, 1), (8, 3), (6, 1)]"
294,A#,7,none,"[(-1, -1), (6, 3), (7, 4), (6, 2), (-1, -1), (6, 1)]"
295,A#,aug,none,"[(-1, -1), (-1, -1), (3, 1), (4, 2), (5, 3), (6, 4)]"
296,A#,maj,none,"[(-1, -1), (3, 3), (3, 3), (3, 3), (1, 1), (-1, -1)]"
297,A#,maj,none,"[(6, 1), (6, 1), (7, 2), (8, 4), (8, 3), (6, 1)]"
298,A#,maj,none,"[(10, 1), (11, 2), (10, 1), (0, 3), (1, 4), (-1, -1)]"
299,A#,maj,none,"[(-1, -1), (3, 1), (3, 1), (3, 1), (5, 3), (6, 4)]"
300,A#,maj,none,"[(1, 1), (3, 3), (3, 3), (3, 3), (1, 1), (-1, -1)]"
301,A#,maj,none,"[(6, 1), (6, 1), (7, 2), (8, 3), (-1, -1), (-1, -1)]"
302,A#,11,none,"[(1, 1), (1, 1), (1, 1), (1, 1), (1, 1), (-1, -1)]"
303,A#,11,none,"[(4, 1), (4, 1), (5, 2), (6, 4), (-1, -1), (6, 3)]"
304,A#,11,none,"[(8, 1), (9, 2), (8, 1), (8, 1), (-1, -1), (-1, -1)]"
305,A#,maj9,none,"[(1, 3), (1, 2), (2, 4), (0, 0), (1, 1), (-1, -1)]"
306,A#,maj9,none,"[(-1, -1), (-1, -1), (5, 1), (7, 4), (5, 1), (6, 2)]"
307,A#,maj9,none,"[(5, 1), (6, 2), (5, 1), (8, 4), (-1, -1), (-1, -1)]"
308,A#,maj9,none,"[(8, 1), (10, 4), (10, 3), (8, 1), (-1, -1), (-1, -1)]"
309,A#,maj9,none,"[(-1, -1), (1, 1), (2, 2), (3, 3), (1, 1), (-1, -1)]"
310,A#,sus2,none,"[(1, 1), (1, 1), (3, 4), (3, 3), (1, 1), (-1, -1)]"
311,A#,m11,none,"[(1, 1), (2, 2), (1, 1), (1, 1), (1, 1), (-1, -1)]"
312,A#,m11,none,"[(-1, -1), (2, 2), (1, 1), (1, 1), (1, 1), (-1, -1)]"
313,A#,m11,none,"[(-1, -1), (4, 1), (6, 4), (6, 3), (-1, -1), (6, 2)]"
314,A#,min,none,"[(1, 1), (2, 2), (3, 4), (3, 3), (1, 1), (-1, -1)]"
315,A#,min,none,"[(6, 1), (6, 1), (6, 1), (8, 4), (8, 3), (6, 1)]"
316,A#,min,none,"[(9, 2), (11, 4), (10, 3), (8, 1), (-1, -1), (-1, -1)]"
317,A#,9(#11),none,"[(-1, -1), (5, 1), (7, 4), (6, 3), (-1, -1), (6, 2)]"
318,A#,min7,none,"[(1, 1), (2, 2), (1, 1), (3, 3), (1, 1), (-1, -1)]"
319,A#,min7,none,"[(6, 1), (9, 4), (6, 1), (6, 1), (8, 3), (6, 1)]"
320,A#,min7,none,"[(9, 3), (9, 2), (10, 4), (8, 1), (-1, -1), (-1, -1)]"
321,A#,min7,none,"[(-1, -1), (6, 3), (6, 3), (6, 3), (-1, -1), (6, 2)]"
322,A#,min7,none,"[(6, 1), (6, 1), (6, 1), (6, 1), (8, 3), (6, 1)]"
323,A#,min7,none,"[(6, 3), (6, 3), (6, 3), (6, 3), (-1, -1), (6, 2)]"
324,A#,min7,none,"[(-1, -1), (9, 4), (6, 1), (6, 1), (-1, -1), (6, 1)]"
325,A#,m(maj7),none,"[(-1, -1), (2, 3), (2, 2), (3, 4), (1, 1), (-1, -1)]"
326,A#,m(maj7),none,"[(-1, -1), (6, 3), (6, 2), (7, 4), (-1, -1), (6, 1)]"
327,A#,m(maj7),none,"[(6, 1), (6, 1), (6, 1), (7, 2), (8, 3), (6, 1)]"
328,A#,6,none,"[(3, 3), (3, 3), (3, 3), (3, 3), (1, 1), (-1, -1)]"
329,A#,6,none,"[(6, 1), (8, 4), (7, 2), (8, 3), (-1, -1), (6, 1)]"
330,A#,6,none,"[(10, 4), (8, 1), (10, 3), (8, 1), (-1, -1), (-1, -1)]"
331,A#,6,none,"[(-1, -1), (-1, -1), (0, 0), (5, 2), (5, 1), (6, 3)]"
332,A#,6,none,"[(3, 4), (3, 3), (0, 0), (-1, -1), (1, 1), (-1, -1)]"
333,A#,6,none,"[(-1, -1), (6, 3), (7, 4), (5, 1), (-1, -1), (6, 2)]"
334,A#,6,none,"[(-1, -1), (3, 4), (0, 0), (3, 3), (1, 1), (-1, -1)]"
335,A#,6,none,"[(6, 4), (6, 3), (0, 0), (0, 0), (5, 1), (6, 2)]"
336,A#,6,none,"[(-1, -1), (8, 4), (7, 3), (5, 1), (-1, -1), (6, 2)]"
337,A#,6,none,"[(6, 1), (8, 4), (7, 2), (8, 3), (-1, -1), (-1, -1)]"
338,A#,6,none,"[(-1, -1), (3, 4), (0, 1), (3, 3), (1, 2), (-1, -1)]"
339,A#,6,none,"[(-1, -1), (8, 4), (0, 0), (0, 0), (-1, -1), (6, 1)]"
340,A#,6,none,"[(-1, -1), (3, 4), (0, 0), (0, 0), (1, 1), (-1, -1)]"
341,A#,7(#5),none,"[(2, 2), (3, 3), (1, 1), (4, 4), (1, 1), (-1, -1)]"
342,A#,7(#5),none,"[(6, 1), (7, 3), (7, 2), (6, 1), (-1, -1), (6, 1)]"
343,A#,7(#5),none,"[(-1, -1), (7, 4), (7, 3), (6, 2), (-1, -1), (6, 1)]"
344,A#,7sus4,none,"[(1, 1), (4, 4), (1, 1), (3, 3), (1, 1), (-1, -1)]"
345,A#,7sus4,none,"[(6, 1), (6, 1), (8, 4), (6, 1), (8, 3), (6, 1)]"
346,A#,7sus4,none,"[(11, 4), (9, 2), (10, 3), (8, 1), (-1, -1), (-1, -1)]"
347,A#,maj7,none,"[(1, 1), (3, 4), (2, 2), (3, 3), (1, 1), (-1, -1)]"
348,A#,maj7,none,"[(-1, -1), (6, 1), (7, 3), (7, 2), (8, 4), (6, 1)]"
349,A#,maj7,none,"[(10, 1), (10, 1), (10, 1), (0, 3), (1, 4), (-1, -1)]"
350,A#,maj7,none,"[(10, 3), (10, 3), (10, 3), (8, 1), (-1, -1), (-1, -1)]"
351,A#,maj7,none,"[(-1, -1), (3, 4), (2, 2), (3, 3), (1, 1), (-1, -1)]"
352,A#,maj7,none,"[(-1, -1), (6, 2), (7, 4), (7, 3), (-1, -1), (6, 1)]"
353,A#,maj7,none,"[(5, 1), (6, 2), (7, 3), (8, 4), (-1, -1), (-1, -1)]"
354,A#,maj7,none,"[(5, 1), (6, 2), (7, 4), (7, 3), (-1, -1), (6, 2)]"
355,A#,maj7,none,"[(1, 1), (3, 4), (2, 2), (0, 0), (1, 1), (-1, -1)]"
356,A#,m6,none,"[(3, 4), (2, 2), (0, 0), (3, 3), (1, 1), (-1, -1)]"
357,A#,m6,none,"[(6, 1), (8, 4), (6, 1), (8, 3), (-1, -1), (6, 1)]"
358,A#,m6,none,"[(9, 2), (8, 1), (10, 3), (8, 1), (-1, -1), (-1, -1)]"
359,A#,m6,none,"[(6, 3), (6, 3), (6, 3), (5, 1), (-1, -1), (6, 2)]"
360,A#,7(b9),none,"[(1, 3), (-1, -1), (1, 2), (0, 0), (1, 1), (-1, -1)]"
361,A#,m9,none,"[(-1, -1), (-1, -1), (5, 2), (6, 4), (4, 1), (6, 3)]"
362,A#,m9,none,"[(8, 4), (6, 1), (6, 1), (6, 1), (8, 3), (6, 1)]"
363,A#,m9,none,"[(-1, -1), (1, 4), (1, 3), (11, 1), (1, 2), (-1, -1)]"
364,A#,m9,none,"[(8, 4), (6, 1), (6, 1), (6, 1), (-1, -1), (6, 1)]"
365,A#,sus4,none,"[(1, 1), (4, 4), (3, 3), (3, 2), (1, 1), (-1, -1)]"
366,A#,sus4,none,"[(6, 1), (6, 1), (8, 4), (8, 3), (6, 1), (6, 1)]"
367,A#,sus4,none,"[(-1, -1), (4, 4), (3, 3), (3, 3), (1, 1), (-1, -1)]"
368,A#,6/9,none,"[(1, 3), (1, 2), (0, 0), (0, 0), (1, 1), (-1, -1)]"
369,A#,6/9,none,"[(6, 4), (6, 3), (5, 1), (5, 1), (5, 1), (6, 2)]"
370,A#,6/9,none,"[(8, 4), (8, 3), (7, 1), (8, 2), (-1, -1), (-1, -1)]"
371,A#,6/9,none,"[(-1, -1), (6, 3), (5, 1), (5, 1), (-1, -1), (6, 2)]"
372,C#,maj13,none,"[(-1, -1), (11, 4), (10, 3), (10, 2), (-1, -1), (9, 1)]"
373,C#,aug,none,"[(-1, -1), (2, 1), (2, 1), (3, 2), (4, 3), (-1, -1)]"
374,C#,aug,none,"[(9, 1), (10, 3), (10, 2), (11, 4), (-1, -1), (-1, -1)]"
375,C#,maj,none,"[(1, 1), (2, 2), (1, 1), (3, 3), (4, 4), (-1, -1)]"
376,C#,maj,none,"[(-1, -1), (6, 3), (6, 3), (6, 3), (4, 1), (-1, -1)]"
377,C#,maj,none,"[(9, 1), (9, 1), (10, 2), (11, 4), (11, 3), (9, 1)]"
378,C#,maj,none,"[(4, 1), (6, 3), (6, 3), (6, 3), (4, 1), (-1, -1)]"
379,C#,maj,none,"[(-1, -1), (2, 2), (1, 1), (3, 3), (4, 4), (-1, -1)]"
380,C#,maj9,none,"[(-1, -1), (4, 3), (5, 4), (3, 1), (4, 2), (-1, -1)]"
381,C#,maj9,none,"[(-1, -1), (-1, -1), (8, 1), (10, 3), (8, 1), (9, 2)]"
382,C#,maj9,none,"[(8, 1), (9, 2), (8, 1), (11, 4), (-1, -1), (-1, -1)]"
383,C#,maj9,none,"[(4, 2), (4, 2), (5, 3), (-1, -1), (4, 1), (-1, -1)]"
384,C#,6,none,"[(-1, -1), (2, 1), (3, 3), (3, 2), (4, 4), (-1, -1)]"
385,C#,6,none,"[(6, 3), (6, 3), (6, 3), (6, 3), (4, 1), (-1, -1)]"
386,C#,6,none,"[(9, 1), (11, 4), (10, 2), (11, 3), (-1, -1), (9, 1)]"
387,C#,6,none,"[(9, 1), (11, 4), (10, 2), (11, 3), (-1, -1), (-1, -1)]"
388,C#,maj7,none,"[(1, 1), (1, 1), (1, 1), (3, 3), (4, 4), (-1, -1)]"
389,C#,maj7,none,"[(4, 1), (6, 4), (5, 2), (6, 3), (4, 1), (-1, -1)]"
390,C#,maj7,none,"[(8, 1), (9, 2), (10, 3), (11, 4), (-1, -1), (-1, -1)]"
391,C#,maj7,none,"[(-1, -1), (9, 2), (10, 4), (10, 3), (-1, -1), (9, 1)]"
392,C#,maj7,none,"[(-1, -1), (6, 4), (5, 2), (6, 3), (4, 1), (-1, -1)]"
393,C#,sus4,none,"[(4, 1), (7, 4), (6, 3), (6, 2), (4, 1), (-1, -1)]"
394,C#,sus4,none,"[(9, 1), (9, 1), (11, 4), (11, 3), (9, 1), (9, 1)]"
395,C#,6/9,none,"[(4, 4), (4, 3), (3, 1), (3, 1), (4, 2), (-1, -1)]"
396,C#,6/9,none,"[(9, 4), (9, 3), (8, 1), (8, 1), (8, 1), (9, 2)]"
397,C#,6/9,none,"[(11, 4), (11, 3), (10, 1), (11, 2), (-1, -1), (-1, -1)]"
398,D#,13,none,"[(8, 4), (6, 3), (6, 3), (5, 1), (6, 2), (-1, -1)]"
399,D#,13,none,"[(8, 1), (8, 1), (10, 2), (11, 4), (-1, -1), (11, 3)]"
400,D#,13,none,"[(1, 4), (1, 3), (0, 2), (11, 1), (-1, -1), (11, 1)]"
401,D#,7(#9),none,"[(2, 4), (2, 3), (0, 0), (1, 1), (-1, -1), (-1, -1)]"
402,D#,7(#9),none,"[(-1, -1), (7, 4), (6, 3), (5, 1), (6, 2), (-1, -1)]"
403,D#,7(#9),none,"[(2, 4), (11, 1), (0, 2), (11, 1), (1, 3), (11, 1)]"
404,D#,+(#11),none,"[(5, 1), (0, 0), (0, 0), (-1, -1), (6, 2), (-1, -1)]"
405,D#,+(#11),none,"[(7, 4), (0, 0), (0, 0), (-1, -1), (6, 1), (-1, -1)]"
406,D#,9,none,"[(-1, -1), (6, 4), (6, 3), (5, 1), (6, 2), (-1, -1)]"
407,D#,9,none,"[(6, 3), (6, 3), (6, 3), (5, 1), (6, 2), (-1, -1)]"
408,D#,9,none,"[(-1, -1), (6, 1), (6, 1), (8, 3), (6, 1), (-1, -1)]"
409,D#,9b5,none,"[(1, 1), (2, 3), (3, 2), (1, 1), (-1, -1), (-1, -1)]"
410,D#,9b5,none,"[(11, 4), (11, 1), (10, 1), (11, 3), (10, 1), (11, 2)]"
411,D#,7,none,"[(-1, -1), (4, 1), (6, 4), (5, 2), (6, 3), (-1, -1)]"
412,D#,7,none,"[(6, 1), (8, 4), (6, 1), (8, 3), (6, 1), (-1, -1)]"
413,D#,7,none,"[(11, 1), (2, 4), (0, 2), (11, 1), (1, 3), (11, 1)]"
414,D#,7,none,"[(3, 4), (2, 2), (3, 3), (1, 1), (-1, -1), (-1, -1)]"
415,D#,7,none,"[(-1, -1), (8, 4), (6, 1), (8, 3), (6, 1), (-1, -1)]"
416,D#,dim7,none,"[(-1, -1), (7, 4), (6, 1), (8, 3), (6, 2), (-1, -1)]"
417,D#,dim7,none,"[(-1, -1), (11, 1), (11, 3), (11, 1), (-1, -1), (11, 2)]"
418,D#,dim7,none,"[(2, 4), (2, 2), (3, 3), (1, 1), (-1, -1), (-1, -1)]"
419,D#,dim7,none,"[(6, 1), (7, 4), (6, 1), (8, 3), (6, 2), (-1, -1)]"
420,D#,aug,none,"[(11, 1), (0, 3), (0, 2), (1, 4), (-1, -1), (-1, -1)]"
421,D#,maj,none,"[(3, 1), (4, 2), (3, 1), (5, 3), (6, 4), (-1, -1)]"
422,D#,maj,none,"[(-1, -1), (8, 3), (8, 3), (8, 3), (6, 1), (-1, -1)]"
423,D#,maj,none,"[(11, 1), (11, 1), (0, 2), (1, 4), (1, 3), (11, 1)]"
424,D#,maj,none,"[(6, 1), (8, 4), (8, 3), (8, 2), (6, 1), (-1, -1)]"
425,D#,maj,none,"[(-1, -1), (4, 2), (3, 1), (5, 3), (6, 4), (-1, -1)]"
426,D#,11,none,"[(1, 1), (2, 2), (1, 1), (1, 1), (-1, -1), (-1, -1)]"
427,D#,11,none,"[(6, 1), (6, 1), (6, 1), (6, 1), (6, 1), (-1, -1)]"
428,D#,11,none,"[(9, 1), (9, 1), (10, 2), (11, 3), (-1, -1), (11, 4)]"
429,D#,maj9,none,"[(1, 2), (3, 4), (0, 0), (1, 1), (-1, -1), (-1, -1)]"
430,D#,maj9,none,"[(-1, -1), (6, 3), (7, 4), (5, 1), (6, 2), (-1, -1)]"
431,D#,maj9,none,"[(10, 1), (11, 2), (10, 1), (1, 4), (-1, -1), (-1, -1)]"
432,D#,maj9,none,"[(1, 1), (3, 4), (3, 3), (1, 1), (-1, -1), (-1, -1)]"
433,D#,sus2,none,"[(6, 1), (6, 1), (8, 4), (8, 3), (6, 1), (-1, -1)]"
434,D#,sus2,none,"[(-1, -1), (6, 1), (8, 4), (8, 3), (6, 1), (-1, -1)]"
435,D#,m11,none,"[(4, 1), (7, 4), (6, 3), (-1, -1), (6, 2), (-1, -1)]"
436,D#,min,none,"[(6, 1), (7, 2), (8, 4), (8, 3), (6, 1), (-1, -1)]"
437,D#,min,none,"[(11, 1), (11, 1), (11, 1), (1, 4), (1, 3), (11, 1)]"
438,D#,min,none,"[(-1, -1), (7, 2), (8, 4), (8, 3), (6, 1), (-1, -1)]"
439,D#,7b5,none,"[(3, 4), (2, 3), (3, 2), (1, 1), (-1, -1), (-1, -1)]"
440,D#,7b5,none,"[(-1, -1), (8, 3), (6, 1), (8, 2), (6, 1), (-1, -1)]"
441,D#,min7,none,"[(-1, -1), (4, 1), (6, 4), (4, 1), (6, 3), (-1, -1)]"
442,D#,min7,none,"[(6, 1), (7, 2), (6, 1), (8, 3), (6, 1), (-1, -1)]"
443,D#,min7,none,"[(11, 1), (2, 4), (11, 1), (11, 1), (1, 3), (11, 1)]"
444,D#,min7,none,"[(-1, -1), (7, 4), (6, 3), (4, 1), (6, 2), (-1, -1)]"
445,D#,min7,none,"[(-1, -1), (11, 3), (11, 3), (11, 3), (-1, -1), (11, 2)]"
446,D#,min7,none,"[(-1, -1), (7, 2), (6, 1), (8, 3), (6, 1), (-1, -1)]"
447,D#,dim,none,"[(2, 3), (4, 4), (3, 2), (1, 1), (-1, -1), (-1, -1)]"
448,D#,dim,none,"[(-1, -1), (7, 4), (8, 3), (8, 2), (6, 1), (-1, -1)]"
449,D#,dim,none,"[(11, 2), (11, 1), (11, 3), (1, 4), (-1, -1), (-1, -1)]"
450,D#,6,none,"[(-1, -1), (4, 1), (5, 3), (5, 2), (6, 4), (-1, -1)]"
451,D#,6,none,"[(8, 3), (8, 3), (8, 3), (8, 3), (6, 1), (-1, -1)]"
452,D#,6,none,"[(11, 1), (1, 4), (0, 2), (1, 3), (-1, -1), (11, 1)]"
453,D#,6,none,"[(11, 1), (1, 4), (0, 2), (1, 3), (-1, -1), (-1, -1)]"
454,D#,7(#5),none,"[(7, 2), (8, 3), (6, 1), (9, 4), (6, 1), (-1, -1)]"
455,D#,7(#5),none,"[(11, 1), (0, 3), (0, 2), (11, 1), (-1, -1), (11, 1)]"
456,D#,7sus4,none,"[(-1, -1), (4, 1), (6, 4), (6, 3), (6, 2), (-1, -1)]"
457,D#,7sus4,none,"[(6, 1), (9, 4), (6, 1), (8, 3), (6, 1), (-1, -1)]"
458,D#,7sus4,none,"[(11, 1), (11, 1), (1, 4), (11, 1), (1, 3), (11, 1)]"
459,D#,maj7,none,"[(3, 1), (3, 1), (3, 1), (5, 3), (6, 4), (-1, -1)]"
460,D#,maj7,none,"[(6, 1), (8, 4), (7, 2), (8, 3), (6, 1), (-1, -1)]"
461,D#,maj7,none,"[(10, 1), (11, 2), (0, 3), (1, 4), (-1, -1), (-1, -1)]"
462,D#,m6,none,"[(-1, -1), (4, 1), (5, 2), (4, 1), (6, 3), (-1, -1)]"
463,D#,m6,none,"[(8, 4), (7, 2), (8, 3), (-1, -1), (6, 1), (-1, -1)]"
464,D#,m6,none,"[(11, 1), (1, 4), (11, 1), (1, 3), (-1, -1), (11, 1)]"
465,D#,m9,none,"[(-1, -1), (6, 4), (6, 3), (4, 1), (6, 2), (-1, -1)]"
466,D#,m9,none,"[(-1, -1), (-1, -1), (10, 2), (11, 4), (9, 1), (11, 3)]"
467,D#,m9,none,"[(1, 4), (11, 1), (11, 1), (11, 1), (1, 3), (11, 1)]"
468,D#,sus4,none,"[(-1, -1), (4, 2), (3, 1), (6, 4), (6, 3), (-1, -1)]"
469,D#,sus4,none,"[(6, 1), (9, 4), (8, 3), (8, 2), (6, 1), (-1, -1)]"
470,D#,sus4,none,"[(11, 1), (11, 1), (1, 4), (1, 3), (11, 1), (11, 1)]"
471,D#,6/9,none,"[(1, 3), (1, 2), (0, 0), (1, 1), (-1, -1), (-1, -1)]"
472,D#,6/9,none,"[(6, 4), (6, 3), (5, 1), (5, 1), (6, 2), (-1, -1)]"
473,D#,6/9,none,"[(11, 4), (11, 3), (10, 1), (10, 1), (10, 1), (11, 2)]"
474,D#,6/9,none,"[(1, 1), (1, 1), (3, 3), (1, 1), (-1, -1), (-1, -1)]"
475,F#,maj13,none,"[(-1, -1), (4, 4), (3, 3), (3, 2), (-1, -1), (2, 1)]"
476,F#,maj,none,"[(2, 1), (2, 1), (3, 2), (4, 4), (4, 3), (2, 1)]"
477,F#,maj,none,"[(6, 1), (7, 2), (6, 1), (8, 3), (9, 4), (-1, -1)]"
478,F#,maj,none,"[(-1, -1), (11, 3), (11, 3), (11, 3), (9, 1), (-1, -1)]"
479,F#,maj9,none,"[(1, 1), (2, 2), (1, 1), (4, 4), (-1, -1), (-1, -1)]"
480,F#,maj9,none,"[(6, 1), (6, 1), (6, 1), (6, 1), (9, 4), (-1, -1)]"
481,F#,maj9,none,"[(-1, -1), (9, 3), (10, 4), (8, 1), (9, 2), (-1, -1)]"
482,F#,min,none,"[(2, 1), (2, 1), (3, 1), (4, 4), (4, 3), (2, 1)]"
483,F#,min,none,"[(6, 2), (7, 4), (6, 3), (4, 1), (-1, -1), (-1, -1)]"
484,F#,min,none,"[(9, 1), (11, 2), (11, 4), (11, 3), (9, 1), (-1, -1)]"
485,F#,dim,none,"[(-1, -1), (-1, -1), (3, 1), (4, 3), (4, 2), (2, 1)]"
486,F#,dim,none,"[(6, 3), (7, 4), (6, 2), (4, 1), (-1, -1), (-1, -1)]"
487,F#,dim,none,"[(-1, -1), (11, 4), (11, 3), (11, 2), (9, 1), (-1, -1)]"
488,F#,6,none,"[(2, 1), (4, 4), (3, 2), (4, 3), (-1, -1), (2, 1)]"
489,F#,6,none,"[(-1, -1), (7, 1), (8, 3), (8, 2), (9, 4), (-1, -1)]"
490,F#,6,none,"[(11, 3), (11, 3), (11, 3), (11, 3), (9, 1), (-1, -1)]"
491,F#,maj7,none,"[(-1, -1), (2, 1), (3, 3), (3, 2), (4, 4), (2, 1)]"
492,F#,maj7,none,"[(6, 1), (6, 1), (6, 1), (8, 3), (9, 4), (-1, -1)]"
493,F#,maj7,none,"[(9, 1), (11, 4), (10, 2), (11, 3), (9, 1), (-1, -1)]"
494,F#,maj7,none,"[(-1, -1), (2, 2), (3, 4), (3, 3), (-1, -1), (2, 1)]"
495,F#,m6,none,"[(2, 1), (4, 4), (3, 1), (4, 3), (-1, -1), (2, 1)]"
496,F#,m6,none,"[(-1, -1), (7, 1), (8, 2), (8, 1), (9, 3), (-1, -1)]"
497,F#,m6,none,"[(11, 4), (11, 2), (11, 3), (-1, -1), (9, 1), (-1, -1)]"
498,F#,6/9,none,"[(2, 4), (2, 3), (1, 1), (1, 1), (1, 1), (2, 2)]"
499,F#,6/9,none,"[(4, 4), (4, 3), (3, 1), (4, 2), (-1, -1), (-1, -1)]"
500,F#,6/9,none,"[(9, 4), (9, 3), (8, 1), (8, 1), (9, 2), (-1, -1)]"
501,A,13,none,"[(2, 1), (2, 1), (4, 3), (5, 4), (0, 0), (-1, -1)]"
502,A,13,none,"[(7, 4), (7, 3), (6, 2), (5, 1), (-1, -1), (5, 1)]"
503,A,13,none,"[(2, 4), (0, 3), (0, 2), (11, 1), (0, 0), (-1, -1)]"
504,A,13,none,"[(5, 1), (7, 3), (6, 2), (5, 1), (0, 0), (-1, -1)]"
505,A,13,none,"[(5, 1), (7, 4), (6, 2), (5, 1), (7, 3), (5, 1)]"
506,A,13,none,"[(-1, -1), (7, 4), (6, 3), (5, 2), (-1, -1), (5, 1)]"
507,A,13,none,"[(-1, -1), (7, 4), (6, 2), (7, 3), (-1, -1), (5, 1)]"
508,A,13,none,"[(2, 4), (0, 3), (0, 3), (11, 1), (0, 2), (-1, -1)]"
509,A,9,none,"[(3, 2), (2, 1), (4, 3), (2, 1), (0, 0), (-1, -1)]"
510,A,9,none,"[(5, 4), (5, 3), (4, 1), (5, 2), (0, 0), (-1, -1)]"
511,A,9,none,"[(7, 3), (5, 1), (6, 2), (5, 1), (0, 0), (-1, -1)]"
512,A,9b5,none,"[(-1, -1), (0, 0), (0, 0), (1, 1), (0, 0), (-1, -1)]"
513,A,9b5,none,"[(5, 4), (4, 1), (4, 1), (5, 3), (4, 1), (5, 2)]"
514,A,9b5,none,"[(7, 1), (8, 3), (8, 2), (7, 1), (0, 0), (-1, -1)]"
515,A,maj13,none,"[(-1, -1), (7, 4), (6, 3), (6, 2), (-1, -1), (5, 1)]"
516,A,maj13,none,"[(0, 0), (2, 3), (1, 1), (4, 4), (0, 0), (-1, -1)]"
517,A,7,none,"[(0, 0), (2, 3), (0, 0), (2, 1), (0, 0), (-1, -1)]"
518,A,7,none,"[(5, 1), (8, 4), (6, 2), (5, 1), (7, 3), (5, 1)]"
519,A,7,none,"[(0, 0), (10, 1), (0, 4), (11, 2), (0, 3), (-1, -1)]"
520,A,7,none,"[(5, 1), (5, 1), (6, 2), (5, 1), (7, 3), (5, 1)]"
521,A,7,none,"[(3, 4), (2, 3), (2, 2), (2, 1), (0, 0), (-1, -1)]"
522,A,7,none,"[(3, 4), (2, 3), (0, 0), (2, 2), (0, 0), (-1, -1)]"
523,A,7,none,"[(-1, -1), (-1, -1), (0, 0), (5, 4), (4, 1), (5, 2)]"
524,A,7,none,"[(0, 0), (10, 1), (0, 0), (11, 2), (0, 3), (-1, -1)]"
525,A,7,none,"[(0, 0), (5, 2), (6, 3), (5, 1), (0, 0), (-1, -1)]"
526,A,7,none,"[(9, 1), (10, 2), (0, 0), (11, 3), (0, 0), (-1, -1)]"
527,A,dim7,none,"[(-1, -1), (-1, -1), (5, 3), (4, 1), (6, 4), (5, 2)]"
528,A,dim7,none,"[(5, 4), (4, 2), (5, 3), (4, 1), (0, 0), (-1, -1)]"
529,A,dim7,none,"[(8, 4), (7, 2), (8, 3), (7, 1), (-1, -1), (-1, -1)]"
530,A,dim7,none,"[(-1, -1), (4, 1), (5, 3), (4, 1), (-1, -1), (5, 2)]"
531,A,dim7,none,"[(8, 3), (7, 1), (8, 2), (-1, -1), (0, 0), (-1, -1)]"
532,A,dim7,none,"[(-1, -1), (1, 4), (11, 1), (1, 3), (0, 2), (-1, -1)]"
533,A,maj,none,"[(0, 0), (2, 3), (2, 2), (2, 1), (0, 0), (-1, -1)]"
534,A,maj,none,"[(5, 1), (5, 1), (6, 2), (7, 4), (7, 3), (5, 1)]"
535,A,maj,none,"[(9, 1), (10, 2), (9, 1), (11, 3), (0, 4), (-1, -1)]"
536,A,maj,none,"[(5, 4), (2, 1), (2, 1), (2, 1), (0, 0), (-1, -1)]"
537,A,maj,none,"[(0, 0), (5, 1), (6, 2), (7, 3), (0, 0), (-1, -1)]"
538,A,maj,none,"[(-1, -1), (2, 1), (2, 1), (2, 1), (0, 0), (-1, -1)]"
539,A,maj,none,"[(5, 1), (5, 1), (6, 2), (7, 3), (0, 0), (-1, -1)]"
540,A,maj,none,"[(9, 2), (10, 4), (9, 3), (7, 1), (0, 0), (-1, -1)]"
541,A,maj,none,"[(0, 1), (2, 3), (2, 3), (2, 3), (0, 1), (-1, -1)]"
542,A,11,none,"[(0, 0), (0, 0), (0, 0), (0, 0), (0, 0), (-1, -1)]"
543,A,11,none,"[(3, 1), (3, 1), (4, 2), (5, 3), (0, 0), (-1, -1)]"
544,A,11,none,"[(7, 1), (8, 2), (7, 1), (7, 1), (0, 0), (-1, -1)]"
545,A,maj9,none,"[(0, 0), (0, 0), (1, 1), (2, 2), (0, 0), (-1, -1)]"
546,A,maj9,none,"[(-1, -1), (5, 3), (4, 1), (6, 4), (4, 1), (5, 2)]"
547,A,maj9,none,"[(0, 0), (0, 3), (1, 4), (11, 1), (0, 2), (-1, -1)]"
548,A,maj9,none,"[(4, 4), (2, 1), (4, 3), (2, 1), (0, 0), (-1, -1)]"
549,A,sus2,none,"[(0, 0), (0, 0), (2, 3), (2, 2), (0, 0), (-1, -1)]"
550,A,sus2,none,"[(7, 1), (10, 4), (9, 3), (7, 1), (0, 0), (-1, -1)]"
551,A,sus2,none,"[(-1, -1), (0, 0), (2, 3), (2, 2), (0, 0), (-1, -1)]"
552,A,7(b13),none,"[(1, 1), (2, 3), (0, 0), (2, 2), (0, 0), (-1, -1)]"
553,A,m11,none,"[(-1, -1), (3, 1), (5, 4), (5, 3), (-1, -1), (5, 2)]"
554,A,m11,none,"[(3, 1), (0, 0), (5, 3), (0, 0), (0, 0), (-1, -1)]"
555,A,m11,none,"[(0, 0), (0, 0), (0, 0), (0, 0), (7, 3), (5, 1)]"
556,A,m11,none,"[(-1, -1), (3, 1), (5, 3), (5, 2), (0, 0), (-1, -1)]"
557,A,m11,none,"[(5, 4), (3, 1), (4, 2), (5, 3), (0, 0), (-1, -1)]"
558,A,m11,none,"[(0, 0), (3, 1), (5, 4), (5, 3), (-1, -1), (5, 2)]"
559,A,m11,none,"[(3, 1), (3, 1), (5, 2), (7, 4), (0, 0), (-1, -1)]"
560,A,m11,none,"[(3, 1), (0, 0), (5, 4), (5, 3), (0, 0), (-1, -1)]"
561,A,m11,none,"[(0, 0), (3, 1), (5, 2), (7, 4), (0, 0), (-1, -1)]"
562,A,add9,none,"[(0, 0), (0, 0), (6, 1), (7, 2), (0, 0), (-1, -1)]"
563,A,add9,none,"[(0, 0), (2, 2), (4, 4), (2, 1), (0, 0), (-1, -1)]"
564,A,add9,none,"[(0, 0), (0, 0), (6, 2), (7, 4), (7, 3), (5, 1)]"
565,A,add9,none,"[(7, 4), (5, 1), (6, 2), (7, 3), (-1, -1), (-1, -1)]"
566,A,m7b5,none,"[(-1, -1), (4, 1), (5, 4), (5, 3), (-1, -1), (5, 2)]"
567,A,min,none,"[(0, 0), (1, 1), (2, 3), (2, 2), (0, 0), (-1, -1)]"
568,A,min,none,"[(5, 1), (5, 1), (5, 1), (7, 4), (7, 3), (5, 1)]"
569,A,min,none,"[(8, 2), (10, 4), (9, 3), (7, 1), (0, 0), (-1, -1)]"
570,A,min,none,"[(5, 1), (5, 1), (5, 1), (7, 3), (0, 0), (-1, -1)]"
571,A,min,none,"[(5, 1), (5, 1), (5, 1), (7, 3), (-1, -1), (-1, -1)]"
572,A,min,none,"[(0, 0), (1, 1), (2, 2), (-1, -1), (0, 0), (-1, -1)]"
573,A,min,none,"[(5, 1), (5, 1), (5, 1), (-1, -1), (0, 0), (-1, -1)]"
574,A,min,none,"[(8, 2), (-1, -1), (9, 3), (7, 1), (0, 0), (-1, -1)]"
575,A,min,none,"[(-1, -1), (10, 4), (9, 2), (10, 3), (0, 0), (-1, -1)]"
576,A,min,none,"[(-1, -1), (5, 1), (5, 1), (7, 3), (-1, -1), (5, 1)]"
577,A,min,none,"[(-1, -1), (5, 4), (5, 4), (2, 1), (0, 0), (-1, -1)]"
578,A,7b5,none,"[(-1, -1), (2, 2), (0, 0), (1, 1), (0, 0), (-1, -1)]"
579,A,7b5,none,"[(5, 3), (4, 1), (6, 4), (5, 2), (0, 0), (-1, -1)]"
580,A,7b5,none,"[(9, 4), (8, 3), (8, 2), (7, 1), (0, 0), (-1, -1)]"
581,A,9(#11),none,"[(-1, -1), (4, 1), (4, 1), (5, 3), (-1, -1), (5, 2)]"
582,A,min7,none,"[(0, 0), (1, 1), (0, 0), (2, 2), (0, 0), (-1, -1)]"
583,A,min7,none,"[(5, 1), (8, 4), (5, 1), (5, 1), (7, 3), (5, 1)]"
584,A,min7,none,"[(8, 3), (8, 2), (9, 4), (7, 1), (0, 0), (-1, -1)]"
585,A,min7,none,"[(5, 1), (5, 1), (5, 1), (5, 1), (7, 3), (5, 1)]"
586,A,min7,none,"[(3, 4), (1, 1), (2, 3), (2, 2), (0, 0), (-1, -1)]"
587,A,min7,none,"[(-1, -1), (5, 3), (5, 3), (5, 3), (-1, -1), (5, 2)]"
588,A,min7,none,"[(3, 4), (1, 1), (0, 0), (2, 2), (0, 0), (-1, -1)]"
589,A,min7,none,"[(-1, -1), (1, 4), (0, 3), (10, 1), (0, 2), (-1, -1)]"
590,A,min7,none,"[(-1, -1), (1, 1), (0, 0), (2, 2), (0, 0), (-1, -1)]"
591,A,min7,none,"[(5, 1), (5, 1), (5, 1), (5, 1), (0, 0), (-1, -1)]"
592,A,dim,none,"[(-1, -1), (1, 3), (2, 2), (1, 1), (0, 0), (-1, -1)]"
593,A,dim,none,"[(5, 2), (4, 1), (5, 3), (7, 4), (0, 0), (-1, -1)]"
594,A,dim,none,"[(8, 3), (10, 4), (8, 2), (7, 1), (0, 0), (-1, -1)]"
595,A,6,none,"[(2, 1), (2, 1), (2, 1), (2, 1), (0, 0), (-1, -1)]"
596,A,6,none,"[(5, 1), (7, 4), (6, 2), (7, 3), (-1, -1), (5, 1)]"
597,A,6,none,"[(0, 0), (10, 1), (11, 3), (11, 2), (0, 0), (-1, -1)]"
598,A,6,none,"[(0, 0), (2, 2), (2, 1), (4, 4), (0, 0), (-1, -1)]"
599,A,6,none,"[(-1, -1), (5, 3), (6, 4), (4, 1), (-1, -1), (5, 2)]"
600,A,6,none,"[(0, 0), (7, 4), (6, 2), (7, 3), (-1, -1), (-1, -1)]"
601,A,6,none,"[(5, 1), (7, 4), (6, 2), (7, 3), (-1, -1), (-1, -1)]"
602,A,6,none,"[(5, 1), (7, 4), (6, 2), (-1, -1), (0, 0), (-1, -1)]"
603,A,7sus4,none,"[(0, 0), (3, 3), (0, 0), (2, 1), (0, 0), (-1, -1)]"
604,A,7sus4,none,"[(5, 1), (5, 1), (7, 4), (5, 1), (7, 3), (5, 1)]"
605,A,7sus4,none,"[(10, 4), (8, 2), (7, 1), (7, 1), (0, 0), (-1, -1)]"
606,A,maj7,none,"[(0, 0), (2, 3), (1, 1), (2, 2), (0, 0), (-1, -1)]"
607,A,maj7,none,"[(4, 1), (5, 2), (6, 3), (7, 4), (0, 0), (-1, -1)]"
608,A,maj7,none,"[(9, 1), (9, 1), (9, 1), (11, 3), (0, 4), (-1, -1)]"
609,A,maj7,none,"[(-1, -1), (5, 2), (6, 4), (6, 3), (-1, -1), (5, 1)]"
610,A,5,none,"[(-1, -1), (5, 4), (2, 1), (2, 1), (0, 0), (-1, -1)]"
611,A,5,none,"[(-1, -1), (10, 4), (9, 3), (7, 1), (0, 0), (-1, -1)]"
612,A,5,none,"[(5, 4), (5, 4), (2, 1), (2, 1), (0, 0), (-1, -1)]"
613,A,7(#11),none,"[(-1, -1), (4, 1), (6, 4), (5, 3), (-1, -1), (5, 2)]"
614,A,m6,none,"[(2, 4), (1, 1), (2, 3), (2, 2), (0, 0), (-1, -1)]"
615,A,m6,none,"[(5, 1), (7, 4), (5, 1), (7, 3), (-1, -1), (5, 1)]"
616,A,m6,none,"[(0, 0), (10, 2), (11, 3), (10, 1), (0, 0), (-1, -1)]"
617,A,m6,none,"[(5, 3), (5, 3), (5, 3), (4, 1), (-1, -1), (5, 2)]"
618,A,7(b9),none,"[(-1, -1), (-1, -1), (3, 1), (5, 4), (4, 2), (5, 3)]"
619,A,7(b9),none,"[(6, 3), (5, 1), (6, 2), (5, 1), (-1, -1), (5, 1)]"
620,A,7(b9),none,"[(-1, -1), (11, 2), (0, 3), (11, 1), (0, 0), (-1, -1)]"
621,A,m9,none,"[(3, 3), (1, 1), (4, 4), (2, 2), (0, 0), (-1, -1)]"
622,A,m9,none,"[(7, 3), (5, 1), (5, 1), (5, 1), (0, 0), (-1, -1)]"
623,A,m9,none,"[(0, 0), (0, 4), (0, 3), (10, 1), (0, 2), (-1, -1)]"
624,A,m9,none,"[(7, 3), (8, 4), (5, 1), (7, 2), (-1, -1), (-1, -1)]"
625,A,m9,none,"[(-1, -1), (0, 4), (0, 3), (10, 1), (0, 2), (-1, -1)]"
626,A,m9,none,"[(0, 0), (0, 0), (5, 4), (5, 3), (0, 0), (-1, -1)]"
627,A,m9,none,"[(0, 0), (0, 0), (0, 0), (2, 2), (0, 0), (-1, -1)]"
628,A,m9,none,"[(-1, -1), (0, 0), (0, 0), (2, 1), (3, 2), (5, 4)]"
629,A,m9,none,"[(7, 3), (8, 4), (5, 1), (5, 1), (0, 0), (-1, -1)]"
630,A,m9,none,"[(7, 4), (5, 1), (5, 1), (5, 1), (7, 3), (5, 1)]"
631,A,sus4,none,"[(0, 0), (3, 2), (2, 1), (2, 1), (0, 0), (-1, -1)]"
632,A,sus4,none,"[(5, 1), (5, 1), (7, 4), (7, 3), (0, 0), (-1, -1)]"
633,A,sus4,none,"[(10, 4), (10, 3), (9, 2), (7, 1), (0, 0), (-1, -1)]"
634,A,sus4,none,"[(-1, -1), (3, 2), (2, 1), (2, 1), (0, 0), (-1, -1)]"
635,A,6/9,none,"[(0, 0), (0, 0), (2, 1), (4, 3), (0, 0), (-1, -1)]"
636,A,6/9,none,"[(5, 4), (5, 3), (4, 1), (4, 1), (0, 0), (-1, -1)]"
637,A,6/9,none,"[(7, 4), (7, 3), (6, 1), (7, 2), (0, 0), (-1, -1)]"
638,B,13,none,"[(4, 4), (2, 3), (2, 3), (1, 1), (2, 2), (-1, -1)]"
639,B,13,none,"[(4, 1), (4, 1), (6, 2), (7, 3), (-1, -1), (7, 4)]"
640,B,13,none,"[(9, 4), (9, 3), (8, 2), (7, 1), (-1, -1), (7, 1)]"
641,B,13,none,"[(7, 1), (9, 4), (8, 2), (7, 1), (9, 3), (7, 1)]"
642,B,13,none,"[(-1, -1), (9, 4), (8, 3), (7, 2), (-1, -1), (7, 1)]"
643,B,13,none,"[(7, 1), (7, 1), (8, 2), (7, 1), (11, 4), (7, 1)]"
644,B,7(#9),none,"[(-1, -1), (2, 4), (2, 3), (1, 1), (2, 2), (-1, -1)]"
645,B,7(#9),none,"[(-1, -1), (7, 3), (6, 3), (7, 3), (6, 1), (7, 2)]"
646,B,7(#9),none,"[(9, 4), (7, 1), (8, 2), (7, 1), (9, 3), (7, 1)]"
647,B,9,none,"[(-1, -1), (2, 4), (2, 3), (1, 1), (2, 2), (-1, -1)]"
648,B,9b5,none,"[(7, 4), (6, 1), (6, 1), (7, 3), (6, 1), (7, 2)]"
649,B,9b5,none,"[(9, 1), (10, 3), (10, 2), (9, 1), (-1, -1), (-1, -1)]"
650,B,7,none,"[(2, 4), (0, 0), (2, 3), (1, 1), (2, 2), (-1, -1)]"
651,B,7,none,"[(2, 1), (4, 4), (2, 1), (4, 3), (2, 1), (-1, -1)]"
652,B,7,none,"[(7, 1), (10, 4), (8, 2), (7, 1), (9, 3), (7, 1)]"
653,B,7,none,"[(5, 4), (4, 3), (4, 3), (4, 3), (2, 1), (-1, -1)]"
654,B,7,none,"[(7, 1), (7, 1), (8, 2), (7, 1), (9, 3), (7, 1)]"
655,B,7,none,"[(2, 4), (0, 0), (2, 3), (1, 1), (2, 2), (-1, -1)]"
656,B,7,none,"[(-1, -1), (0, 1), (2, 4), (1, 2), (2, 3), (-1, -1)]"
657,B,7,none,"[(-1, -1), (7, 3), (8, 4), (7, 2), (-1, -1), (7, 1)]"
658,B,7,none,"[(-1, -1), (0, 0), (2, 3), (1, 1), (2, 2), (-1, -1)]"
659,B,7,none,"[(2, 4), (-1, -1), (2, 3), (1, 1), (2, 2), (-1, -1)]"
660,B,dim7,none,"[(10, 4), (9, 2), (10, 3), (9, 1), (-1, -1), (-1, -1)]"
661,B,dim7,none,"[(-1, -1), (3, 4), (1, 1), (3, 3), (2, 2), (-1, -1)]"
662,B,dim7,none,"[(-1, -1), (6, 1), (7, 3), (6, 1), (-1, -1), (7, 2)]"
663,B,aug,none,"[(-1, -1), (0, 0), (11, 0), (1, 2), (2, 3), (-1, -1)]"
664,B,maj,none,"[(-1, -1), (4, 3), (4, 3), (4, 3), (2, 1), (-1, -1)]"
665,B,maj,none,"[(7, 1), (7, 1), (8, 2), (9, 4), (9, 3), (7, 1)]"
666,B,maj,none,"[(11, 3), (0, 4), (11, 2), (9, 1), (-1, -1), (-1, -1)]"
667,B,13(#11),none,"[(4, 1), (4, 1), (6, 2), (7, 4), (-1, -1), (7, 3)]"
668,B,11,none,"[(2, 1), (2, 1), (2, 1), (2, 1), (2, 1), (-1, -1)]"
669,B,11,none,"[(5, 1), (5, 1), (6, 2), (7, 4), (-1, -1), (7, 3)]"
670,B,11,none,"[(9, 1), (10, 2), (9, 1), (9, 1), (-1, -1), (-1, -1)]"
671,B,maj9,none,"[(-1, -1), (2, 3), (3, 4), (1, 1), (2, 2), (-1, -1)]"
672,B,maj9,none,"[(-1, -1), (-1, -1), (6, 1), (8, 4), (6, 1), (7, 2)]"
673,B,maj9,none,"[(6, 1), (7, 2), (6, 1), (9, 4), (-1, -1), (-1, -1)]"
674,B,m11,none,"[(-1, -1), (5, 1), (7, 4), (7, 3), (-1, -1), (7, 2)]"
675,B,m11,none,"[(0, 0), (2, 4), (2, 3), (0, 0), (2, 2), (-1, -1)]"
676,B,m11,none,"[(0, 0), (2, 4), (2, 3), (-1, -1), (2, 1), (-1, -1)]"
677,B,m11,none,"[(0, 0), (10, 4), (9, 3), (0, 0), (-1, -1), (7, 1)]"
678,B,m11,none,"[(0, 0), (0, 0), (7, 4), (7, 3), (-1, -1), (7, 2)]"
679,B,m7b5,none,"[(1, 1), (3, 4), (2, 3), (0, 0), (2, 2), (-1, -1)]"
680,B,m7b5,none,"[(-1, -1), (3, 3), (2, 1), (3, 2), (2, 1), (-1, -1)]"
681,B,m7b5,none,"[(-1, -1), (6, 1), (7, 4), (7, 3), (-1, -1), (7, 2)]"
682,B,m7b5,none,"[(-1, -1), (3, 4), (2, 2), (3, 3), (2, 1), (-1, -1)]"
683,B,min,none,"[(2, 1), (3, 2), (4, 4), (4, 3), (2, 1), (-1, -1)]"
684,B,min,none,"[(7, 1), (7, 1), (7, 1), (9, 4), (9, 3), (7, 1)]"
685,B,min,none,"[(10, 2), (0, 4), (11, 3), (9, 1), (-1, -1), (-1, -1)]"
686,B,min,none,"[(-1, -1), (3, 2), (4, 4), (4, 3), (2, 1), (-1, -1)]"
687,B,min,none,"[(2, 1), (3, 2), (4, 4), (4, 3), (2, 1), (-1, -1)]"
688,B,min,none,"[(7, 1), (7, 1), (7, 1), (9, 3), (-1, -1), (-1, -1)]"
689,B,min,none,"[(-1, -1), (7, 1), (7, 1), (9, 3), (-1, -1), (7, 1)]"
690,B,7b5,none,"[(-1, -1), (4, 3), (2, 1), (3, 2), (2, 1), (-1, -1)]"
691,B,7b5,none,"[(11, 4), (10, 3), (10, 2), (9, 1), (-1, -1), (-1, -1)]"
692,B,min7,none,"[(2, 4), (0, 0), (2, 3), (0, 0), (2, 2), (-1, -1)]"
693,B,min7,none,"[(2, 1), (3, 2), (2, 1), (4, 3), (2, 1), (-1, -1)]"
694,B,min7,none,"[(7, 1), (10, 4), (7, 1), (7, 1), (9, 3), (7, 1)]"
695,B,min7,none,"[(7, 1), (7, 1), (7, 1), (7, 1), (9, 3), (7, 1)]"
696,B,min7,none,"[(-1, -1), (7, 3), (7, 3), (7, 3), (-1, -1), (7, 2)]"
697,B,min7,none,"[(-1, -1), (3, 4), (2, 3), (0, 0), (2, 2), (-1, -1)]"
698,B,min7,none,"[(10, 2), (10, 2), (11, 3), (9, 1), (-1, -1), (-1, -1)]"
699,B,dim,none,"[(-1, -1), (3, 3), (4, 4), (3, 2), (2, 1), (-1, -1)]"
700,B,dim,none,"[(7, 2), (6, 1), (7, 3), (9, 4), (-1, -1), (-1, -1)]"
701,B,dim,none,"[(10, 3), (0, 4), (10, 2), (9, 1), (-1, -1), (-1, -1)]"
702,B,6,none,"[(-1, -1), (0, 0), (1, 2), (1, 1), (2, 3), (-1, -1)]"
703,B,6,none,"[(4, 3), (4, 3), (4, 3), (4, 3), (2, 1), (-1, -1)]"
704,B,6,none,"[(7, 1), (9, 4), (8, 2), (9, 3), (-1, -1), (7, 1)]"
705,B,7(#5),none,"[(2, 2), (4, 3), (2, 1), (4, 4), (2, 1), (-1, -1)]"
706,B,7(#5),none,"[(7, 1), (7, 3), (8, 2), (7, 1), (-1, -1), (7, 1)]"
707,B,7sus4,none,"[(0, 0), (0, 0), (2, 3), (2, 2), (2, 1), (-1, -1)]"
708,B,7sus4,none,"[(2, 1), (5, 4), (2, 1), (4, 3), (2, 1), (-1, -1)]"
709,B,7sus4,none,"[(7, 1), (7, 1), (9, 4), (7, 1), (9, 3), (7, 1)]"
710,B,maj7,none,"[(2, 1), (4, 4), (3, 2), (4, 3), (2, 1), (-1, -1)]"
711,B,maj7,none,"[(-1, -1), (7, 1), (8, 3), (8, 2), (9, 4), (7, 1)]"
712,B,maj7,none,"[(6, 1), (7, 2), (8, 3), (9, 4), (-1, -1), (-1, -1)]"
713,B,maj7,none,"[(-1, -1), (4, 4), (3, 2), (4, 3), (2, 1), (-1, -1)]"
714,B,maj7,none,"[(-1, -1), (7, 2), (8, 4), (8, 3), (-1, -1), (7, 1)]"
715,B,5,none,"[(-1, -1), (0, 0), (4, 4), (4, 3), (2, 1), (-1, -1)]"
716,B,m6,none,"[(2, 3), (0, 0), (1, 1), (0, 0), (2, 2), (-1, -1)]"
717,B,m6,none,"[(4, 4), (3, 2), (4, 3), (-1, -1), (2, 1), (-1, -1)]"
718,B,m6,none,"[(7, 1), (9, 4), (7, 1), (9, 3), (-1, -1), (7, 1)]"
719,B,7(b9),none,"[(-1, -1), (1, 1), (2, 3), (1, 1), (2, 2), (-1, -1)]"
720,B,7(b9),none,"[(-1, -1), (-1, -1), (5, 1), (7, 4), (6, 2), (7, 3)]"
721,B,7(b9),none,"[(7, 3), (7, 1), (8, 2), (7, 1), (-1, -1), (7, 1)]"
722,B,7(b9),none,"[(2, 4), (1, 1), (2, 3), (1, 1), (2, 2), (-1, -1)]"
723,B,7(b9),none,"[(8, 4), (-1, -1), (8, 3), (7, 2), (-1, -1), (7, 1)]"
724,B,m9,none,"[(-1, -1), (2, 3), (2, 2), (0, 0), (2, 1), (-1, -1)]"
725,B,m9,none,"[(-1, -1), (-1, -1), (6, 2), (7, 4), (5, 1), (7, 3)]"
726,B,m9,none,"[(9, 4), (7, 1), (7, 1), (7, 1), (9, 3), (7, 1)]"
727,B,sus4,none,"[(2, 1), (5, 4), (4, 3), (4, 2), (2, 1), (-1, -1)]"
728,B,sus4,none,"[(7, 1), (7, 1), (9, 4), (9, 3), (7, 1), (7, 1)]"
729,B,sus4,none,"[(-1, -1), (5, 4), (4, 3), (4, 3), (2, 1), (-1, -1)]"
730,B,sus4,none,"[(0, 0), (0, 0), (4, 4), (4, 3), (2, 1), (-1, -1)]"
731,B,6/9,none,"[(2, 4), (2, 3), (1, 1), (1, 1), (2, 2), (-1, -1)]"
732,B,6/9,none,"[(7, 4), (7, 3), (6, 1), (6, 1), (6, 1), (7, 2)]"
733,B,6/9,none,"[(9, 4), (9, 3), (8, 1), (9, 2), (-1, -1), (-1, -1)]"
734,C,13,none,"[(5, 4), (3, 3), (3, 3), (2, 1), (3, 2), (-1, -1)]"
735,C,13,none,"[(5, 1), (5, 1), (7, 2), (8, 4), (-1, -1), (8, 3)]"
736,C,13,none,"[(10, 4), (10, 3), (9, 2), (8, 1), (-1, -1), (8, 1)]"
737,C,13,none,"[(-1, -1), (10, 4), (9, 3), (8, 2), (-1, -1), (8, 1)]"
738,C,13,none,"[(8, 1), (10, 4), (9, 2), (8, 1), (10, 3), (8, 1)]"
739,C,13,none,"[(5, 4), (3, 1), (3, 1), (-1, -1), (3, 1), (-1, -1)]"
740,C,13,none,"[(8, 1), (10, 3), (9, 2), (8, 1), (-1, -1), (8, 1)]"
741,C,7(#9),none,"[(-1, -1), (4, 4), (3, 3), (2, 1), (3, 2), (-1, -1)]"
742,C,7(#9),none,"[(-1, -1), (8, 3), (8, 3), (8, 3), (7, 1), (8, 2)]"
743,C,7(#9),none,"[(11, 4), (8, 1), (9, 2), (8, 1), (10, 3), (8, 1)]"
744,C,9,none,"[(-1, -1), (3, 4), (3, 3), (2, 1), (3, 2), (-1, -1)]"
745,C,9,none,"[(3, 3), (3, 3), (3, 3), (2, 1), (3, 2), (-1, -1)]"
746,C,9,none,"[(3, 3), (3, 3), (3, 3), (2, 1), (3, 2), (-1, -1)]"
747,C,9,none,"[(10, 1), (11, 2), (0, 3), (10, 1), (-1, -1), (-1, -1)]"
748,C,9,none,"[(-1, -1), (8, 4), (7, 1), (8, 3), (7, 1), (8, 2)]"
749,C,9,none,"[(10, 3), (11, 4), (9, 1), (10, 2), (-1, -1), (-1, -1)]"
750,C,9b5,none,"[(8, 4), (7, 1), (7, 1), (8, 3), (7, 1), (8, 2)]"
751,C,9b5,none,"[(10, 1), (11, 3), (11, 2), (10, 1), (-1, -1), (-1, -1)]"
752,C,maj13,none,"[(-1, -1), (10, 4), (9, 3), (9, 2), (-1, -1), (8, 1)]"
753,C,maj13,none,"[(10, 4), (10, 4), (9, 3), (9, 2), (-1, -1), (8, 1)]"
754,C,maj13,none,"[(5, 4), (3, 1), (4, 2), (5, 3), (3, 1), (-1, -1)]"
755,C,maj13,none,"[(-1, -1), (3, 1), (4, 2), (7, 4), (3, 1), (-1, -1)]"
756,C,maj13,none,"[(5, 4), (5, 3), (4, 2), (-1, -1), (3, 1), (-1, -1)]"
757,C,7,none,"[(0, 0), (1, 1), (3, 4), (2, 2), (3, 3), (-1, -1)]"
758,C,7,none,"[(3, 1), (5, 4), (3, 1), (5, 3), (3, 1), (-1, -1)]"
759,C,7,none,"[(8, 1), (11, 4), (9, 2), (8, 1), (10, 3), (8, 1)]"
760,C,7,none,"[(8, 1), (11, 4), (9, 2), (10, 3), (-1, -1), (-1, -1)]"
761,C,7,none,"[(8, 1), (8, 1), (9, 2), (8, 1), (10, 3), (8, 1)]"
762,C,7,none,"[(-1, -1), (8, 3), (9, 4), (8, 2), (-1, -1), (8, 1)]"
763,C,7,none,"[(0, 4), (11, 2), (0, 3), (10, 1), (-1, -1), (-1, -1)]"
764,C,7,none,"[(3, 4), (-1, -1), (3, 3), (2, 1), (3, 2), (-1, -1)]"
765,C,7,none,"[(6, 2), (5, 1), (5, 1), (5, 1), (7, 3), (8, 4)]"
766,C,7,none,"[(-1, -1), (1, 1), (3, 4), (2, 2), (3, 3), (-1, -1)]"
767,C,7,none,"[(-1, -1), (1, 1), (3, 4), (2, 2), (3, 3), (-1, -1)]"
768,C,dim7,none,"[(11, 4), (11, 2), (11, 3), (10, 1), (-1, -1), (-1, -1)]"
769,C,dim7,none,"[(-1, -1), (4, 4), (3, 1), (4, 3), (3, 2), (-1, -1)]"
770,C,dim7,none,"[(-1, -1), (7, 2), (8, 4), (8, 1), (-1, -1), (8, 3)]"
771,C,aug,none,"[(-1, -1), (1, 1), (1, 1), (2, 2), (3, 3), (-1, -1)]"
772,C,aug,none,"[(8, 1), (9, 3), (9, 2), (10, 4), (-1, -1), (-1, -1)]"
773,C,maj,none,"[(-1, -1), (5, 3), (5, 3), (5, 3), (3, 1), (-1, -1)]"
774,C,maj,none,"[(8, 1), (8, 1), (9, 2), (10, 4), (10, 3), (8, 1)]"
775,C,maj,none,"[(0, 0), (1, 1), (0, 0), (2, 2), (3, 3), (-1, -1)]"
776,C,maj,none,"[(3, 1), (5, 3), (5, 3), (5, 3), (3, 1), (-1, -1)]"
777,C,maj,none,"[(0, 0), (5, 4), (5, 3), (5, 2), (3, 1), (-1, -1)]"
778,C,maj,none,"[(-1, -1), (1, 1), (0, 0), (2, 2), (3, 3), (-1, -1)]"
779,C,maj,none,"[(8, 1), (8, 1), (9, 2), (10, 3), (-1, -1), (-1, -1)]"
780,C,maj,none,"[(3, 4), (1, 1), (0, 0), (2, 2), (3, 3), (-1, -1)]"
781,C,11,none,"[(3, 1), (3, 1), (3, 1), (3, 1), (3, 1), (-1, -1)]"
782,C,11,none,"[(6, 1), (6, 1), (7, 2), (8, 4), (-1, -1), (8, 3)]"
783,C,11,none,"[(10, 1), (11, 2), (10, 1), (10, 1), (-1, -1), (-1, -1)]"
784,C,maj9,none,"[(-1, -1), (3, 3), (4, 4), (2, 1), (3, 2), (-1, -1)]"
785,C,maj9,none,"[(-1, -1), (-1, -1), (7, 1), (9, 3), (7, 1), (8, 2)]"
786,C,maj9,none,"[(7, 1), (8, 2), (7, 1), (10, 4), (-1, -1), (-1, -1)]"
787,C,maj9,none,"[(0, 0), (3, 2), (4, 3), (5, 4), (3, 1), (-1, -1)]"
788,C,maj9,none,"[(0, 0), (3, 2), (4, 3), (0, 0), (3, 1), (-1, -1)]"
789,C,maj9,none,"[(0, 0), (0, 0), (0, 0), (0, 0), (3, 3), (-1, -1)]"
790,C,maj9,none,"[(-1, -1), (8, 3), (7, 1), (9, 4), (-1, -1), (8, 2)]"
791,C,maj9,none,"[(10, 3), (0, 4), (9, 1), (10, 2), (-1, -1), (-1, -1)]"
792,C,sus2,none,"[(3, 1), (3, 1), (5, 4), (5, 3), (3, 1), (-1, -1)]"
793,C,sus2,none,"[(3, 4), (3, 3), (0, 0), (-1, -1), (3, 2), (-1, -1)]"
794,C,sus2,none,"[(3, 4), (3, 3), (0, 0), (0, 0), (3, 2), (-1, -1)]"
795,C,m11,none,"[(-1, -1), (6, 1), (8, 4), (8, 3), (-1, -1), (8, 2)]"
796,C,m11,none,"[(1, 1), (3, 4), (3, 3), (1, 1), (3, 2), (-1, -1)]"
797,C,m11,none,"[(6, 1), (6, 1), (8, 4), (8, 3), (-1, -1), (8, 2)]"
798,C,m11,none,"[(1, 1), (4, 4), (3, 3), (1, 1), (3, 2), (-1, -1)]"
799,C,m11,none,"[(3, 1), (4, 2), (3, 1), (3, 1), (3, 1), (-1, -1)]"
800,C,m11,none,"[(3, 1), (3, 1), (3, 1), (3, 1), (3, 1), (-1, -1)]"
801,C,add9,none,"[(3, 4), (3, 3), (0, 0), (2, 1), (3, 2), (-1, -1)]"
802,C,add9,none,"[(0, 0), (3, 3), (0, 0), (2, 1), (3, 2), (-1, -1)]"
803,C,add9,none,"[(10, 4), (8, 1), (9, 2), (10, 3), (-1, -1), (-1, -1)]"
804,C,add9,none,"[(0, 0), (3, 2), (0, 0), (0, 0), (3, 1), (-1, -1)]"
805,C,add9,none,"[(0, 0), (1, 1), (0, 0), (0, 0), (3, 3), (-1, -1)]"
806,C,m7b5,none,"[(-1, -1), (4, 4), (3, 2), (4, 3), (3, 1), (-1, -1)]"
807,C,m7b5,none,"[(-1, -1), (7, 1), (8, 4), (8, 3), (-1, -1), (8, 2)]"
808,C,m7b5,none,"[(-1, -1), (-1, -1), (8, 1), (8, 1), (9, 2), (8, 1)]"
809,C,m7b5,none,"[(11, 2), (11, 2), (11, 2), (10, 1), (-1, -1), (-1, -1)]"
810,C,m7b5,none,"[(2, 1), (4, 4), (3, 3), (-1, -1), (3, 2), (-1, -1)]"
811,C,m13,none,"[(-1, -1), (10, 4), (8, 3), (8, 3), (-1, -1), (8, 2)]"
812,C,min,none,"[(-1, -1), (1, 2), (0, 0), (1, 1), (3, 4), (-1, -1)]"
813,C,min,none,"[(3, 1), (4, 2), (5, 4), (5, 3), (3, 1), (-1, -1)]"
814,C,min,none,"[(8, 1), (8, 1), (8, 1), (10, 4), (10, 3), (8, 1)]"
815,C,min,none,"[(-1, -1), (4, 2), (5, 4), (5, 3), (3, 1), (-1, -1)]"
816,C,min,none,"[(3, 1), (4, 2), (5, 3), (-1, -1), (3, 1), (-1, -1)]"
817,C,min,none,"[(-1, -1), (-1, -1), (5, 1), (5, 1), (6, 2), (8, 4)]"
818,C,min,none,"[(11, 2), (1, 4), (0, 3), (10, 1), (-1, -1), (-1, -1)]"
819,C,min,none,"[(-1, -1), (1, 3), (0, 1), (1, 2), (3, 4), (-1, -1)]"
820,C,min,none,"[(8, 1), (8, 1), (8, 1), (10, 3), (-1, -1), (-1, -1)]"
821,C,7b5,none,"[(-1, -1), (5, 3), (3, 1), (4, 2), (3, 1), (-1, -1)]"
822,C,7b5,none,"[(-1, -1), (-1, -1), (9, 4), (8, 2), (9, 3), (8, 1)]"
823,C,min7,none,"[(-1, -1), (1, 1), (3, 4), (1, 1), (3, 3), (-1, -1)]"
824,C,min7,none,"[(3, 1), (4, 2), (3, 1), (5, 3), (3, 1), (-1, -1)]"
825,C,min7,none,"[(8, 1), (11, 4), (8, 1), (8, 1), (10, 3), (8, 1)]"
826,C,min7,none,"[(-1, -1), (8, 3), (8, 3), (8, 3), (-1, -1), (8, 2)]"
827,C,min7,none,"[(8, 1), (8, 1), (8, 1), (8, 1), (10, 3), (8, 1)]"
828,C,min7,none,"[(6, 1), (8, 4), (8, 3), (-1, -1), (-1, -1), (8, 2)]"
829,C,min7,none,"[(11, 2), (11, 2), (0, 3), (10, 1), (-1, -1), (-1, -1)]"
830,C,min7,none,"[(-1, -1), (4, 4), (3, 3), (1, 1), (3, 2), (-1, -1)]"
831,C,min7,none,"[(-1, -1), (4, 4), (3, 3), (1, 1), (3, 2), (-1, -1)]"
832,C,m(maj7),none,"[(-1, -1), (8, 3), (8, 2), (9, 4), (-1, -1), (8, 1)]"
833,C,m(maj7),none,"[(-1, -1), (4, 2), (4, 2), (5, 3), (3, 1), (-1, -1)]"
834,C,m(maj7),none,"[(3, 1), (4, 3), (4, 2), (5, 4), (3, 1), (-1, -1)]"
835,C,dim,none,"[(-1, -1), (4, 4), (5, 3), (4, 2), (3, 1), (-1, -1)]"
836,C,dim,none,"[(8, 2), (7, 1), (8, 3), (10, 4), (-1, -1), (-1, -1)]"
837,C,dim,none,"[(-1, -1), (-1, -1), (8, 3), (10, 4), (9, 2), (8, 1)]"
838,C,6,none,"[(0, 0), (1, 1), (2, 3), (2, 2), (3, 4), (-1, -1)]"
839,C,6,none,"[(5, 3), (5, 3), (5, 3), (5, 3), (3, 1), (-1, -1)]"
840,C,6,none,"[(8, 1), (10, 4), (9, 2), (10, 3), (-1, -1), (8, 1)]"
841,C,6,none,"[(-1, -1), (8, 3), (9, 4), (7, 1), (-1, -1), (8, 2)]"
842,C,6,none,"[(8, 1), (10, 4), (9, 2), (10, 3), (-1, -1), (-1, -1)]"
843,C,6,none,"[(-1, -1), (1, 1), (2, 3), (2, 2), (3, 4), (-1, -1)]"
844,C,7(#5),none,"[(4, 2), (5, 3), (3, 1), (6, 4), (3, 1), (-1, -1)]"
845,C,7(#5),none,"[(8, 1), (9, 3), (9, 2), (8, 1), (-1, -1), (8, 1)]"
846,C,7(#5),none,"[(-1, -1), (9, 4), (9, 3), (8, 2), (-1, -1), (8, 1)]"
847,C,7sus4,none,"[(-1, -1), (1, 1), (3, 4), (3, 3), (3, 2), (-1, -1)]"
848,C,7sus4,none,"[(3, 1), (6, 4), (3, 1), (5, 3), (3, 1), (-1, -1)]"
849,C,7sus4,none,"[(8, 1), (8, 1), (10, 4), (8, 1), (10, 3), (8, 1)]"
850,C,maj7,none,"[(0, 0), (0, 0), (0, 0), (2, 2), (3, 3), (-1, -1)]"
851,C,maj7,none,"[(3, 1), (5, 4), (4, 2), (5, 3), (3, 1), (-1, -1)]"
852,C,maj7,none,"[(7, 1), (8, 2), (9, 3), (10, 4), (-1, -1), (-1, -1)]"
853,C,maj7,none,"[(-1, -1), (5, 4), (4, 2), (5, 3), (3, 1), (-1, -1)]"
854,C,maj7,none,"[(-1, -1), (8, 2), (9, 4), (9, 3), (-1, -1), (8, 1)]"
855,C,maj7,none,"[(0, 0), (0, 0), (9, 2), (10, 4), (10, 3), (8, 1)]"
856,C,maj7,none,"[(0, 0), (0, 0), (5, 4), (5, 3), (3, 1), (-1, -1)]"
857,C,maj7,none,"[(3, 3), (0, 0), (0, 0), (2, 1), (3, 2), (-1, -1)]"
858,C,maj7,none,"[(0, 0), (0, 0), (0, 0), (5, 4), (3, 2), (-1, -1)]"
859,C,maj7,none,"[(0, 3), (0, 3), (0, 3), (10, 1), (-1, -1), (-1, -1)]"
860,C,maj7,none,"[(0, 0), (5, 4), (4, 2), (5, 3), (3, 1), (-1, -1)]"
861,C,7(#11),none,"[(-1, -1), (7, 1), (9, 4), (8, 3), (-1, -1), (8, 2)]"
862,C,m6,none,"[(-1, -1), (1, 1), (2, 2), (1, 1), (3, 3), (-1, -1)]"
863,C,m6,none,"[(5, 4), (4, 2), (5, 3), (-1, -1), (3, 1), (-1, -1)]"
864,C,m6,none,"[(8, 1), (10, 4), (8, 1), (10, 3), (-1, -1), (8, 1)]"
865,C,m6,none,"[(-1, -1), (8, 4), (8, 3), (7, 1), (-1, -1), (8, 2)]"
866,C,7(b9),none,"[(-1, -1), (2, 1), (3, 3), (2, 1), (3, 2), (-1, -1)]"
867,C,7(b9),none,"[(-1, -1), (-1, -1), (6, 1), (8, 4), (7, 2), (8, 3)]"
868,C,7(b9),none,"[(9, 3), (8, 1), (9, 2), (8, 1), (-1, -1), (8, 1)]"
869,C,7(b9),none,"[(3, 4), (2, 1), (3, 3), (2, 1), (3, 2), (-1, -1)]"
870,C,m9,none,"[(-1, -1), (3, 4), (3, 3), (1, 1), (3, 2), (-1, -1)]"
871,C,m9,none,"[(-1, -1), (-1, -1), (7, 2), (8, 4), (6, 1), (8, 3)]"
872,C,m9,none,"[(10, 4), (8, 1), (8, 1), (8, 1), (10, 3), (8, 1)]"
873,C,m9,none,"[(10, 3), (11, 4), (8, 1), (10, 2), (-1, -1), (-1, -1)]"
874,C,sus4,none,"[(-1, -1), (1, 1), (0, 0), (3, 4), (3, 3), (-1, -1)]"
875,C,sus4,none,"[(3, 1), (6, 4), (5, 3), (5, 2), (3, 1), (-1, -1)]"
876,C,sus4,none,"[(8, 1), (8, 1), (10, 4), (10, 3), (8, 1), (8, 1)]"
877,C,6/9,none,"[(3, 4), (3, 3), (2, 1), (2, 1), (3, 2), (-1, -1)]"
878,C,6/9,none,"[(8, 4), (8, 3), (7, 1), (7, 1), (7, 1), (8, 2)]"
879,C,6/9,none,"[(10, 4), (10, 3), (9, 1), (10, 2), (-1, -1), (-1, -1)]"
880,C,6/9,none,"[(-1, -1), (3, 3), (2, 1), (2, 1), (3, 2), (-1, -1)]"
881,D,13,none,"[(7, 4), (5, 3), (5, 3), (4, 1), (5, 2), (-1, -1)]"
882,D,13,none,"[(7, 1), (7, 1), (9, 2), (10, 4), (-1, -1), (10, 3)]"
883,D,13,none,"[(0, 4), (0, 3), (11, 2), (10, 1), (-1, -1), (10, 1)]"
884,D,13,none,"[(-1, -1), (0, 4), (11, 3), (10, 2), (-1, -1), (10, 1)]"
885,D,13,none,"[(7, 4), (5, 1), (5, 1), (7, 3), (5, 1), (-1, -1)]"
886,D,13,none,"[(5, 4), (0, 0), (5, 3), (4, 1), (5, 2), (-1, -1)]"
887,D,13,none,"[(7, 4), (7, 4), (5, 2), (-1, -1), (5, 1), (-1, -1)]"
888,D,13,none,"[(10, 1), (0, 4), (11, 2), (10, 1), (0, 3), (10, 1)]"
889,D,9,none,"[(-1, -1), (5, 4), (5, 3), (4, 1), (5, 2), (-1, -1)]"
890,D,9,none,"[(5, 3), (5, 3), (5, 3), (4, 1), (5, 2), (-1, -1)]"
891,D,9,none,"[(5, 1), (5, 1), (5, 1), (7, 3), (5, 1), (-1, -1)]"
892,D,9,none,"[(0, 1), (1, 2), (2, 3), (0, 1), (-1, -1), (-1, -1)]"
893,D,9b5,none,"[(0, 0), (1, 2), (1, 1), (0, 0), (-1, -1), (-1, -1)]"
894,D,9b5,none,"[(10, 4), (9, 1), (9, 1), (10, 3), (9, 1), (10, 2)]"
895,D,7,none,"[(5, 1), (7, 4), (5, 1), (7, 3), (5, 1), (-1, -1)]"
896,D,7,none,"[(10, 1), (1, 4), (11, 2), (10, 1), (0, 3), (10, 1)]"
897,D,7,none,"[(2, 3), (1, 1), (2, 2), (0, 0), (-1, -1), (-1, -1)]"
898,D,7,none,"[(-1, -1), (3, 1), (5, 4), (4, 2), (5, 3), (-1, -1)]"
899,D,7,none,"[(10, 1), (1, 4), (11, 2), (0, 3), (-1, -1), (-1, -1)]"
900,D,7,none,"[(-1, -1), (10, 3), (11, 4), (10, 2), (-1, -1), (10, 1)]"
901,D,7,none,"[(2, 4), (1, 2), (2, 3), (0, 1), (-1, -1), (-1, -1)]"
902,D,aug,none,"[(-1, -1), (3, 1), (3, 1), (4, 2), (5, 3), (-1, -1)]"
903,D,aug,none,"[(10, 1), (11, 3), (11, 2), (0, 4), (-1, -1), (-1, -1)]"
904,D,aug,none,"[(2, 2), (3, 4), (3, 3), (0, 0), (-1, -1), (-1, -1)]"
905,D,maj,none,"[(-1, -1), (7, 3), (7, 3), (7, 3), (5, 1), (-1, -1)]"
906,D,maj,none,"[(10, 1), (10, 1), (11, 2), (0, 4), (0, 3), (10, 1)]"
907,D,maj,none,"[(2, 2), (3, 3), (2, 1), (0, 0), (-1, -1), (-1, -1)]"
908,D,maj,none,"[(2, 1), (3, 2), (2, 1), (4, 3), (5, 4), (-1, -1)]"
909,D,maj,none,"[(5, 1), (7, 3), (7, 3), (7, 3), (5, 1), (-1, -1)]"
910,D,maj,none,"[(5, 1), (7, 4), (7, 3), (0, 0), (-1, -1), (-1, -1)]"
911,D,maj,none,"[(-1, -1), (3, 2), (2, 1), (4, 3), (5, 4), (-1, -1)]"
912,D,maj,none,"[(10, 1), (10, 1), (11, 2), (0, 3), (-1, -1), (-1, -1)]"
913,D,11,none,"[(5, 1), (5, 1), (5, 1), (5, 1), (5, 1), (-1, -1)]"
914,D,11,none,"[(8, 1), (8, 1), (9, 2), (10, 3), (-1, -1), (10, 4)]"
915,D,maj9,none,"[(-1, -1), (5, 3), (6, 4), (4, 1), (5, 2), (-1, -1)]"
916,D,sus2,none,"[(0, 0), (3, 3), (2, 1), (0, 0), (-1, -1), (-1, -1)]"
917,D,sus2,none,"[(5, 1), (5, 1), (7, 4), (7, 3), (5, 1), (-1, -1)]"
918,D,m11,none,"[(-1, -1), (8, 1), (10, 4), (10, 3), (-1, -1), (10, 2)]"
919,D,m11,none,"[(3, 1), (5, 4), (5, 3), (3, 1), (5, 2), (-1, -1)]"
920,D,m11,none,"[(5, 1), (6, 2), (5, 1), (5, 1), (5, 1), (-1, -1)]"
921,D,m11,none,"[(0, 4), (10, 1), (0, 3), (0, 2), (-1, -1), (-1, -1)]"
922,D,m11,none,"[(3, 1), (3, 1), (5, 3), (3, 1), (5, 2), (-1, -1)]"
923,D,m11,none,"[(8, 1), (8, 1), (10, 4), (10, 3), (-1, -1), (10, 2)]"
924,D,m13,none,"[(7, 4), (6, 2), (5, 1), (7, 3), (5, 1), (-1, -1)]"
925,D,min,none,"[(5, 1), (6, 2), (7, 4), (7, 3), (5, 1), (-1, -1)]"
926,D,min,none,"[(10, 1), (10, 1), (10, 1), (0, 4), (0, 3), (10, 1)]"
927,D,min,none,"[(1, 1), (3, 3), (2, 2), (0, 0), (-1, -1), (-1, -1)]"
928,D,min,none,"[(10, 1), (10, 1), (10, 1), (0, 3), (-1, -1), (-1, -1)]"
929,D,min,none,"[(10, 1), (-1, -1), (10, 1), (-1, -1), (0, 3), (10, 1)]"
930,D,min,none,"[(10, 1), (10, 1), (10, 1), (0, 0), (-1, -1), (-1, -1)]"
931,D,min,none,"[(-1, -1), (6, 2), (7, 4), (7, 3), (5, 1), (-1, -1)]"
932,D,min,none,"[(5, 1), (6, 2), (7, 3), (-1, -1), (5, 1), (-1, -1)]"
933,D,min,none,"[(5, 1), (6, 2), (7, 3), (0, 0), (-1, -1), (-1, -1)]"
934,D,7b5,none,"[(-1, -1), (7, 3), (5, 1), (6, 2), (5, 1), (-1, -1)]"
935,D,7b5,none,"[(-1, -1), (-1, -1), (11, 4), (10, 2), (11, 3), (10, 1)]"
936,D,min7,none,"[(5, 1), (6, 2), (5, 1), (7, 3), (5, 1), (-1, -1)]"
937,D,min7,none,"[(10, 1), (1, 4), (10, 1), (10, 1), (0, 3), (10, 1)]"
938,D,min7,none,"[(1, 1), (1, 1), (2, 2), (0, 0), (-1, -1), (-1, -1)]"
939,D,min7,none,"[(-1, -1), (10, 3), (10, 3), (10, 3), (-1, -1), (10, 2)]"
940,D,min7,none,"[(-1, -1), (6, 4), (5, 3), (3, 1), (5, 2), (-1, -1)]"
941,D,min7,none,"[(5, 2), (6, 3), (5, 1), (0, 0), (-1, -1), (-1, -1)]"
942,D,min7,none,"[(8, 4), (6, 2), (5, 1), (7, 3), (5, 1), (-1, -1)]"
943,D,m(maj7),none,"[(1, 1), (2, 3), (2, 2), (0, 0), (-1, -1), (-1, -1)]"
944,D,dim,none,"[(-1, -1), (6, 3), (7, 4), (6, 2), (5, 1), (-1, -1)]"
945,D,dim,none,"[(10, 2), (9, 1), (10, 3), (0, 4), (-1, -1), (-1, -1)]"
946,D,dim,none,"[(-1, -1), (-1, -1), (10, 1), (0, 3), (11, 2), (10, 1)]"
947,D,6,none,"[(7, 3), (7, 3), (7, 3), (7, 3), (5, 1), (-1, -1)]"
948,D,6,none,"[(10, 1), (0, 4), (11, 2), (0, 3), (-1, -1), (10, 1)]"
949,D,6,none,"[(2, 3), (0, 0), (2, 2), (0, 0), (-1, -1), (-1, -1)]"
950,D,6,none,"[(10, 1), (0, 4), (11, 2), (0, 3), (-1, -1), (-1, -1)]"
951,D,6,none,"[(-1, -1), (3, 1), (4, 3), (4, 2), (5, 4), (-1, -1)]"
952,D,7(#5),none,"[(6, 2), (7, 3), (5, 1), (8, 4), (5, 1), (-1, -1)]"
953,D,7(#5),none,"[(10, 1), (11, 3), (11, 2), (10, 1), (-1, -1), (10, 1)]"
954,D,7(#5),none,"[(-1, -1), (11, 4), (11, 3), (10, 2), (-1, -1), (10, 1)]"
955,D,7sus4,none,"[(5, 1), (8, 4), (5, 1), (7, 3), (5, 1), (-1, -1)]"
956,D,7sus4,none,"[(10, 1), (10, 1), (0, 4), (10, 1), (0, 3), (10, 1)]"
957,D,maj7,none,"[(5, 1), (7, 4), (6, 2), (7, 3), (5, 1), (-1, -1)]"
958,D,maj7,none,"[(9, 1), (10, 2), (11, 3), (0, 4), (-1, -1), (-1, -1)]"
959,D,maj7,none,"[(2, 1), (2, 1), (2, 1), (0, 0), (-1, -1), (-1, -1)]"
960,D,maj7,none,"[(-1, -1), (7, 4), (6, 2), (7, 3), (5, 1), (-1, -1)]"
961,D,maj7,none,"[(2, 1), (2, 1), (2, 1), (4, 3), (5, 4), (-1, -1)]"
962,D,5,none,"[(5, 4), (3, 3), (2, 1), (0, 0), (-1, -1), (-1, -1)]"
963,D,7(#11),none,"[(-1, -1), (9, 1), (11, 4), (10, 3), (-1, -1), (10, 2)]"
964,D,m6,none,"[(7, 4), (6, 2), (7, 3), (-1, -1), (5, 1), (-1, -1)]"
965,D,m6,none,"[(10, 1), (0, 4), (10, 1), (0, 3), (-1, -1), (10, 1)]"
966,D,m6,none,"[(1, 1), (0, 0), (2, 2), (0, 0), (-1, -1), (-1, -1)]"
967,D,m6,none,"[(-1, -1), (3, 1), (4, 2), (3, 1), (5, 3), (-1, -1)]"
968,D,m6,none,"[(-1, -1), (6, 4), (4, 2), (3, 1), (5, 3), (-1, -1)]"
969,D,m6,none,"[(10, 3), (10, 3), (10, 3), (9, 1), (-1, -1), (10, 2)]"
970,D,m6,none,"[(10, 1), (10, 1), (10, 1), (0, 3), (2, 4), (10, 1)]"
971,D,m6,none,"[(1, 2), (0, 1), (2, 3), (0, 1), (-1, -1), (-1, -1)]"
972,D,m6,none,"[(5, 4), (3, 1), (4, 2), (3, 1), (5, 3), (-1, -1)]"
973,D,m6/9,none,"[(-1, -1), (5, 4), (4, 2), (3, 1), (5, 3), (-1, -1)]"
974,D,7(b9),none,"[(-1, -1), (4, 1), (5, 3), (4, 1), (5, 2), (-1, -1)]"
975,D,7(b9),none,"[(-1, -1), (-1, -1), (8, 1), (10, 4), (9, 2), (10, 3)]"
976,D,7(b9),none,"[(11, 3), (10, 1), (11, 2), (10, 1), (-1, -1), (10, 1)]"
977,D,7(b9),none,"[(5, 4), (4, 1), (5, 3), (4, 1), (5, 2), (-1, -1)]"
978,D,m9,none,"[(-1, -1), (5, 4), (5, 3), (3, 1), (5, 2), (-1, -1)]"
979,D,m9,none,"[(0, 4), (10, 1), (10, 1), (10, 1), (0, 3), (10, 1)]"
980,D,13(b9),none,"[(7, 4), (4, 1), (5, 3), (4, 1), (5, 2), (-1, -1)]"
981,D,13(b9),none,"[(7, 1), (7, 1), (8, 2), (10, 4), (-1, -1), (10, 3)]"
982,D,sus4,none,"[(5, 1), (8, 4), (7, 3), (7, 2), (5, 1), (-1, -1)]"
983,D,sus4,none,"[(10, 1), (10, 1), (0, 4), (0, 3), (10, 1), (10, 1)]"
984,D,sus4,none,"[(3, 4), (3, 3), (2, 1), (0, 0), (-1, -1), (-1, -1)]"
985,D,6/9,none,"[(5, 4), (5, 3), (4, 1), (4, 1), (5, 2), (-1, -1)]"
986,D,6/9,none,"[(10, 4), (10, 3), (9, 1), (9, 1), (9, 1), (10, 2)]"
987,D,6/9,none,"[(0, 4), (0, 3), (11, 1), (0, 2), (-1, -1), (-1, -1)]"
988,D,6/9,none,"[(0, 0), (0, 0), (11, 2), (0, 4), (0, 3), (10, 1)]"
989,D,6/9,none,"[(0, 0), (0, 0), (7, 4), (7, 3), (5, 1), (-1, -1)]"
990,D,6/9,none,"[(0, 0), (0, 0), (2, 2), (0, 0), (-1, -1), (-1, -1)]"
991,E,13,none,"[(2, 3), (2, 2), (1, 1), (0, 0), (-1, -1), (0, 0)]"
992,E,13,none,"[(9, 4), (7, 3), (7, 2), (6, 1), (-1, -1), (0, 0)]"
993,E,13,none,"[(9, 1), (9, 1), (11, 3), (0, 4), (-1, -1), (0, 0)]"
994,E,13,none,"[(0, 0), (2, 3), (1, 1), (0, 0), (2, 2), (0, 0)]"
995,E,13,none,"[(9, 4), (7, 3), (7, 3), (6, 1), (7, 2), (-1, -1)]"
996,E,13,none,"[(-1, -1), (5, 2), (6, 4), (6, 3), (5, 1), (0, 0)]"
997,E,7(#9),none,"[(2, 4), (3, 3), (1, 1), (2, 2), (-1, -1), (0, 0)]"
998,E,7(#9),none,"[(0, 0), (7, 4), (7, 3), (6, 1), (7, 2), (0, 0)]"
999,E,7(#9),none,"[(0, 0), (0, 3), (11, 3), (0, 3), (11, 1), (0, 0)]"
1000,E,7(#9),none,"[(-1, -1), (7, 4), (7, 3), (6, 1), (7, 2), (-1, -1)]"
1001,E,7(#9),none,"[(2, 4), (3, 4), (1, 1), (2, 2), (-1, -1), (-1, -1)]"
1002,E,7(#9),none,"[(-1, -1), (7, 4), (7, 3), (6, 1), (7, 2), (0, 0)]"
1003,E,9,none,"[(2, 3), (3, 4), (1, 1), (0, 0), (2, 2), (0, 0)]"
1004,E,9,none,"[(0, 0), (7, 4), (7, 3), (6, 1), (7, 2), (0, 0)]"
1005,E,9,none,"[(0, 0), (0, 4), (11, 2), (0, 3), (11, 1), (0, 0)]"
1006,E,9b5,none,"[(2, 1), (3, 3), (3, 2), (2, 1), (-1, -1), (0, 0)]"
1007,E,9b5,none,"[(0, 3), (11, 1), (11, 1), (0, 2), (11, 1), (0, 0)]"
1008,E,7,none,"[(0, 0), (3, 4), (1, 1), (0, 0), (2, 2), (0, 0)]"
1009,E,7,none,"[(0, 0), (5, 1), (7, 4), (6, 2), (7, 3), (0, 0)]"
1010,E,7,none,"[(7, 1), (9, 4), (7, 1), (9, 3), (7, 1), (0, 0)]"
1011,E,7,none,"[(0, 0), (0, 0), (1, 1), (0, 0), (2, 2), (0, 0)]"
1012,E,7,none,"[(7, 1), (9, 4), (7, 1), (9, 3), (7, 1), (-1, -1)]"
1013,E,7,none,"[(0, 0), (3, 4), (1, 1), (2, 3), (2, 2), (0, 0)]"
1014,E,7,none,"[(-1, -1), (5, 1), (7, 4), (6, 2), (7, 3), (-1, -1)]"
1015,E,7,none,"[(7, 4), (0, 0), (7, 3), (6, 1), (7, 2), (0, 0)]"
1016,E,7,none,"[(4, 4), (3, 2), (4, 3), (2, 1), (-1, -1), (-1, -1)]"
1017,E,7,none,"[(0, 0), (3, 4), (1, 1), (2, 2), (-1, -1), (-1, -1)]"
1018,E,7,none,"[(0, 0), (9, 4), (7, 2), (-1, -1), (7, 1), (-1, -1)]"
1019,E,7,none,"[(7, 1), (9, 3), (7, 1), (-1, -1), (7, 1), (-1, -1)]"
1020,E,7,none,"[(7, 4), (-1, -1), (7, 3), (6, 1), (7, 2), (-1, -1)]"
1021,E,dim7,none,"[(-1, -1), (8, 4), (6, 1), (8, 3), (7, 2), (-1, -1)]"
1022,E,dim7,none,"[(3, 4), (2, 2), (3, 3), (2, 1), (-1, -1), (-1, -1)]"
1023,E,dim7,none,"[(3, 4), (2, 2), (3, 3), (2, 1), (-1, -1), (0, 0)]"
1024,E,dim7,none,"[(3, 3), (2, 1), (3, 2), (-1, -1), (-1, -1), (0, 0)]"
1025,E,m(maj9),none,"[(7, 1), (7, 1), (8, 2), (9, 3), (10, 4), (0, 0)]"
1026,E,maj,none,"[(0, 0), (0, 0), (1, 1), (2, 3), (2, 2), (0, 0)]"
1027,E,maj,none,"[(4, 1), (5, 2), (4, 1), (6, 3), (7, 4), (0, 0)]"
1028,E,maj,none,"[(-1, -1), (9, 3), (9, 3), (9, 3), (7, 1), (0, 0)]"
1029,E,maj,none,"[(7, 1), (9, 4), (9, 3), (9, 2), (7, 1), (-1, -1)]"
1030,E,maj,none,"[(-1, -1), (9, 3), (9, 3), (9, 3), (7, 1), (-1, -1)]"
1031,E,maj,none,"[(-1, -1), (-1, -1), (1, 1), (2, 3), (2, 2), (0, 0)]"
1032,E,maj,none,"[(4, 1), (5, 2), (4, 1), (6, 3), (7, 4), (-1, -1)]"
1033,E,maj,none,"[(0, 1), (0, 1), (1, 2), (2, 4), (2, 3), (0, 1)]"
1034,E,maj,none,"[(4, 3), (5, 4), (4, 2), (2, 1), (-1, -1), (-1, -1)]"
1035,E,maj,none,"[(0, 0), (0, 0), (1, 1), (2, 2), (-1, -1), (-1, -1)]"
1036,E,maj,none,"[(4, 2), (5, 3), (4, 1), (-1, -1), (-1, -1), (0, 0)]"
1037,E,11,none,"[(2, 1), (3, 2), (2, 1), (2, 1), (2, 1), (0, 0)]"
1038,E,11,none,"[(7, 1), (7, 1), (7, 1), (7, 1), (7, 1), (0, 0)]"
1039,E,11,none,"[(0, 0), (10, 1), (11, 2), (0, 3), (-1, -1), (0, 0)]"
1040,E,maj9,none,"[(2, 4), (0, 0), (1, 2), (1, 1), (2, 3), (0, 0)]"
1041,E,maj9,none,"[(4, 1), (4, 1), (4, 1), (4, 1), (7, 4), (0, 0)]"
1042,E,maj9,none,"[(0, 0), (7, 3), (8, 4), (6, 1), (7, 2), (0, 0)]"
1043,E,maj9,none,"[(-1, -1), (7, 3), (8, 4), (6, 1), (7, 2), (0, 0)]"
1044,E,maj9,none,"[(0, 0), (0, 0), (8, 2), (9, 4), (9, 3), (0, 0)]"
1045,E,sus2,none,"[(2, 1), (5, 4), (4, 3), (2, 1), (-1, -1), (-1, -1)]"
1046,E,sus2,none,"[(2, 1), (5, 4), (4, 3), (2, 1), (2, 1), (0, 0)]"
1047,E,m11,none,"[(-1, -1), (10, 1), (0, 4), (0, 3), (-1, -1), (0, 2)]"
1048,E,m11,none,"[(-1, -1), (8, 2), (7, 1), (7, 1), (7, 1), (-1, -1)]"
1049,E,m11,none,"[(-1, -1), (7, 1), (7, 1), (7, 1), (7, 1), (-1, -1)]"
1050,E,m11,none,"[(5, 1), (8, 4), (7, 3), (-1, -1), (7, 2), (-1, -1)]"
1051,E,m11,none,"[(7, 1), (8, 2), (7, 1), (7, 1), (7, 1), (0, 0)]"
1052,E,m11,none,"[(5, 1), (7, 4), (7, 3), (5, 1), (7, 2), (-1, -1)]"
1053,E,m11,none,"[(2, 4), (0, 1), (2, 3), (2, 2), (-1, -1), (0, 0)]"
1054,E,m11,none,"[(5, 4), (3, 2), (0, 0), (4, 3), (2, 1), (0, 0)]"
1055,E,m11,none,"[(0, 0), (0, 0), (0, 0), (7, 1), (9, 3), (0, 0)]"
1056,E,m11,none,"[(-1, -1), (-1, -1), (0, 0), (7, 4), (5, 1), (0, 0)]"
1057,E,m11,none,"[(2, 1), (3, 2), (2, 1), (-1, -1), (-1, -1), (0, 0)]"
1058,E,add9,none,"[(0, 0), (0, 0), (1, 1), (4, 4), (2, 2), (0, 0)]"
1059,E,min,none,"[(0, 0), (0, 0), (0, 0), (2, 3), (2, 2), (0, 0)]"
1060,E,min,none,"[(3, 1), (5, 4), (4, 2), (5, 3), (-1, -1), (0, 0)]"
1061,E,min,none,"[(7, 1), (8, 2), (9, 4), (9, 3), (7, 1), (0, 0)]"
1062,E,min,none,"[(7, 1), (8, 2), (9, 4), (9, 3), (7, 1), (-1, -1)]"
1063,E,min,none,"[(-1, -1), (-1, -1), (0, 0), (2, 3), (2, 2), (0, 0)]"
1064,E,min,none,"[(0, 0), (0, 0), (0, 0), (5, 4), (2, 1), (0, 0)]"
1065,E,min,none,"[(0, 0), (0, 0), (0, 0), (2, 2), (-1, -1), (-1, -1)]"
1066,E,min,none,"[(3, 4), (0, 0), (0, 0), (2, 3), (2, 2), (0, 0)]"
1067,E,7b5,none,"[(0, 0), (-1, -1), (1, 2), (0, 0), (1, 1), (0, 0)]"
1068,E,7b5,none,"[(-1, -1), (9, 3), (7, 1), (8, 2), (7, 1), (0, 0)]"
1069,E,7b5,none,"[(0, 3), (11, 1), (1, 4), (0, 2), (-1, -1), (0, 0)]"
1070,E,min7,none,"[(0, 0), (3, 4), (0, 0), (0, 0), (2, 2), (0, 0)]"
1071,E,min7,none,"[(0, 0), (3, 1), (4, 2), (5, 3), (-1, -1), (0, 0)]"
1072,E,min7,none,"[(7, 1), (8, 2), (7, 1), (9, 3), (7, 1), (0, 0)]"
1073,E,min7,none,"[(0, 0), (0, 0), (0, 0), (0, 0), (2, 2), (0, 0)]"
1074,E,min7,none,"[(0, 0), (3, 4), (0, 0), (2, 2), (2, 1), (0, 0)]"
1075,E,min7,none,"[(3, 4), (3, 3), (0, 0), (2, 1), (-1, -1), (-1, -1)]"
1076,E,min7,none,"[(-1, -1), (0, 3), (0, 3), (0, 3), (-1, -1), (0, 2)]"
1077,E,min7,none,"[(-1, -1), (8, 4), (7, 3), (5, 1), (7, 2), (-1, -1)]"
1078,E,min7,none,"[(0, 3), (0, 3), (0, 3), (0, 3), (-1, -1), (0, 2)]"
1079,E,min7,none,"[(0, 1), (0, 1), (0, 1), (0, 1), (2, 3), (0, 1)]"
1080,E,min7,none,"[(7, 1), (8, 2), (7, 1), (9, 3), (7, 1), (-1, -1)]"
1081,E,min7,none,"[(3, 2), (3, 2), (4, 3), (2, 1), (-1, -1), (-1, -1)]"
1082,E,min7,none,"[(3, 4), (3, 3), (0, 0), (0, 0), (2, 1), (0, 0)]"
1083,E,min7,none,"[(7, 2), (8, 3), (7, 1), (-1, -1), (-1, -1), (0, 0)]"
1084,E,min7,none,"[(0, 0), (3, 4), (0, 0), (2, 2), (-1, -1), (-1, -1)]"
1085,E,dim,none,"[(0, 0), (-1, -1), (0, 0), (2, 3), (1, 1), (0, 0)]"
1086,E,dim,none,"[(3, 3), (5, 4), (3, 2), (2, 1), (-1, -1), (-1, -1)]"
1087,E,dim,none,"[(-1, -1), (8, 3), (9, 4), (8, 2), (7, 1), (-1, -1)]"
1088,E,6,none,"[(0, 0), (2, 4), (1, 1), (2, 3), (2, 2), (0, 0)]"
1089,E,6,none,"[(-1, -1), (5, 1), (6, 3), (6, 2), (7, 4), (-1, -1)]"
1090,E,6,none,"[(9, 3), (9, 3), (9, 3), (9, 3), (7, 1), (-1, -1)]"
1091,E,6,none,"[(-1, -1), (2, 4), (1, 1), (2, 3), (2, 2), (0, 0)]"
1092,E,6,none,"[(9, 3), (9, 3), (9, 3), (9, 3), (-1, -1), (0, 0)]"
1093,E,6,none,"[(0, 1), (2, 4), (1, 2), (2, 3), (-1, -1), (-1, -1)]"
1094,E,7sus4,none,"[(0, 0), (0, 0), (2, 3), (0, 0), (2, 2), (0, 0)]"
1095,E,7sus4,none,"[(5, 4), (3, 2), (4, 3), (2, 1), (-1, -1), (0, 0)]"
1096,E,7sus4,none,"[(7, 1), (10, 4), (7, 1), (9, 3), (7, 1), (0, 0)]"
1097,E,maj7,none,"[(0, 0), (0, 0), (1, 2), (1, 1), (2, 3), (0, 0)]"
1098,E,maj7,none,"[(4, 1), (4, 1), (4, 1), (6, 3), (7, 4), (0, 0)]"
1099,E,maj7,none,"[(7, 1), (9, 4), (8, 2), (9, 3), (7, 1), (0, 0)]"
1100,E,maj7,none,"[(-1, -1), (9, 4), (8, 2), (9, 3), (7, 1), (-1, -1)]"
1101,E,maj7,none,"[(0, 0), (0, 0), (8, 2), (9, 3), (-1, -1), (0, 0)]"
1102,E,maj7,none,"[(0, 0), (0, 0), (9, 4), (9, 3), (6, 1), (0, 0)]"
1103,E,maj7,none,"[(7, 1), (9, 4), (8, 2), (9, 3), (7, 1), (-1, -1)]"
1104,E,5,none,"[(0, 0), (0, 0), (-1, -1), (2, 3), (2, 2), (0, 0)]"
1105,E,5,none,"[(0, 0), (0, 0), (9, 4), (9, 3), (7, 1), (0, 0)]"
1106,E,5,none,"[(-1, -1), (-1, -1), (9, 4), (9, 3), (7, 1), (0, 0)]"
1107,E,5,none,"[(-1, -1), (5, 4), (4, 3), (2, 1), (2, 1), (0, 0)]"
1108,E,m6,none,"[(0, 0), (2, 4), (0, 0), (2, 3), (2, 2), (0, 0)]"
1109,E,m6,none,"[(-1, -1), (5, 1), (6, 2), (5, 1), (7, 3), (0, 0)]"
1110,E,m6,none,"[(9, 4), (8, 2), (9, 3), (-1, -1), (7, 1), (0, 0)]"
1111,E,m6/9,none,"[(0, 0), (2, 2), (0, 0), (4, 4), (2, 1), (0, 0)]"
1112,E,7(b9),none,"[(1, 2), (0, 0), (1, 1), (0, 0), (-1, -1), (0, 0)]"
1113,E,7(b9),none,"[(-1, -1), (6, 1), (7, 3), (6, 1), (7, 2), (0, 0)]"
1114,E,7(b9),none,"[(0, 0), (0, 0), (10, 1), (0, 3), (11, 2), (0, 0)]"
1115,E,7(b9),none,"[(-1, -1), (6, 1), (7, 3), (6, 1), (7, 2), (-1, -1)]"
1116,E,7(b9),none,"[(0, 0), (0, 4), (10, 1), (0, 3), (11, 2), (0, 0)]"
1117,E,7(b9),none,"[(-1, -1), (6, 2), (7, 3), (6, 1), (-1, -1), (0, 0)]"
1118,E,m9,none,"[(2, 3), (3, 4), (0, 0), (2, 2), (2, 1), (0, 0)]"
1119,E,m9,none,"[(0, 0), (7, 4), (7, 3), (5, 1), (7, 2), (0, 0)]"
1120,E,m9,none,"[(0, 0), (0, 4), (11, 2), (0, 3), (10, 1), (0, 0)]"
1121,E,m9,none,"[(2, 3), (0, 0), (0, 0), (0, 0), (2, 1), (0, 0)]"
1122,E,m9,none,"[(-1, -1), (7, 4), (7, 3), (5, 1), (7, 2), (-1, -1)]"
1123,E,m9,none,"[(0, 0), (0, 0), (11, 2), (0, 3), (10, 1), (0, 0)]"
1124,E,m9,none,"[(0, 0), (3, 2), (0, 0), (4, 3), (2, 1), (0, 0)]"
1125,E,13(b9),none,"[(1, 2), (2, 3), (1, 1), (-1, -1), (-1, -1), (0, 0)]"
1126,E,sus4,none,"[(0, 0), (0, 0), (2, 3), (2, 2), (2, 1), (0, 0)]"
1127,E,sus4,none,"[(0, 0), (5, 2), (4, 1), (7, 4), (7, 3), (0, 0)]"
1128,E,sus4,none,"[(0, 4), (10, 2), (9, 1), (9, 1), (-1, -1), (0, 0)]"
1129,E,sus4,none,"[(-1, -1), (10, 4), (9, 3), (9, 3), (7, 1), (-1, -1)]"
1130,E,sus4,none,"[(0, 0), (0, 0), (2, 3), (2, 2), (-1, -1), (-1, -1)]"
1131,E,sus4,none,"[(0, 0), (0, 0), (-1, -1), (-1, -1), (0, 0), (0, 0)]"
1132,E,6/9,none,"[(2, 4), (2, 3), (1, 1), (2, 2), (-1, -1), (0, 0)]"
1133,E,6/9,none,"[(7, 4), (7, 3), (6, 1), (6, 1), (7, 2), (0, 0)]"
1134,E,6/9,none,"[(0, 3), (0, 2), (11, 1), (11, 1), (11, 1), (0, 0)]"
1135,F,13,none,"[(3, 4), (3, 3), (2, 2), (1, 1), (-1, -1), (1, 1)]"
1136,F,13,none,"[(10, 4), (8, 3), (8, 3), (7, 1), (8, 2), (-1, -1)]"
1137,F,13,none,"[(10, 1), (10, 1), (0, 2), (1, 4), (-1, -1), (1, 3)]"
1138,F,13,none,"[(-1, -1), (3, 4), (2, 3), (1, 2), (-1, -1), (1, 1)]"
1139,F,7(#9),none,"[(4, 4), (1, 1), (2, 2), (1, 1), (3, 3), (1, 1)]"
1140,F,7(#9),none,"[(4, 4), (4, 3), (2, 1), (3, 2), (-1, -1), (-1, -1)]"
1141,F,7(#9),none,"[(-1, -1), (9, 4), (8, 3), (7, 1), (8, 2), (-1, -1)]"
1142,F,9,none,"[(1, 4), (1, 3), (0, 0), (1, 2), (0, 0), (1, 1)]"
1143,F,9,none,"[(3, 1), (4, 2), (5, 3), (3, 1), (-1, -1), (-1, -1)]"
1144,F,9,none,"[(-1, -1), (8, 4), (8, 3), (7, 1), (8, 2), (-1, -1)]"
1145,F,9,none,"[(8, 3), (8, 3), (8, 3), (7, 1), (8, 2), (-1, -1)]"
1146,F,maj13,none,"[(-1, -1), (3, 4), (2, 3), (2, 2), (-1, -1), (1, 1)]"
1147,F,maj13,none,"[(10, 4), (8, 1), (9, 2), (10, 3), (8, 1), (-1, -1)]"
1148,F,7,none,"[(1, 1), (4, 4), (2, 2), (1, 1), (3, 3), (1, 1)]"
1149,F,7,none,"[(-1, -1), (6, 1), (8, 4), (7, 2), (8, 3), (-1, -1)]"
1150,F,7,none,"[(8, 1), (10, 4), (8, 1), (10, 3), (8, 1), (-1, -1)]"
1151,F,7,none,"[(1, 1), (1, 1), (2, 2), (1, 1), (3, 3), (1, 1)]"
1152,F,7,none,"[(1, 1), (4, 4), (2, 2), (3, 3), (-1, -1), (-1, -1)]"
1153,F,7,none,"[(8, 4), (-1, -1), (8, 3), (7, 1), (8, 2), (-1, -1)]"
1154,F,7,none,"[(5, 4), (4, 2), (5, 3), (3, 1), (-1, -1), (-1, -1)]"
1155,F,maj,none,"[(1, 1), (1, 1), (2, 2), (3, 4), (3, 3), (1, 1)]"
1156,F,maj,none,"[(5, 1), (6, 2), (5, 1), (7, 3), (8, 4), (-1, -1)]"
1157,F,maj,none,"[(-1, -1), (10, 3), (10, 3), (10, 3), (8, 1), (-1, -1)]"
1158,F,maj,none,"[(1, 1), (1, 1), (2, 2), (3, 3), (-1, -1), (-1, -1)]"
1159,F,maj,none,"[(5, 3), (6, 4), (5, 2), (3, 1), (-1, -1), (-1, -1)]"
1160,F,maj,none,"[(8, 1), (10, 4), (10, 3), (10, 2), (8, 1), (-1, -1)]"
1161,F,maj,none,"[(-1, -1), (-1, -1), (2, 2), (3, 4), (3, 3), (1, 1)]"
1162,F,11,none,"[(3, 1), (4, 2), (3, 1), (3, 1), (-1, -1), (-1, -1)]"
1163,F,11,none,"[(8, 1), (8, 1), (8, 1), (8, 1), (8, 1), (-1, -1)]"
1164,F,11,none,"[(11, 1), (11, 1), (0, 2), (1, 4), (-1, -1), (1, 3)]"
1165,F,maj9,none,"[(0, 0), (1, 2), (0, 0), (3, 4), (0, 0), (1, 1)]"
1166,F,maj9,none,"[(5, 1), (5, 1), (5, 1), (5, 1), (8, 4), (-1, -1)]"
1167,F,maj9,none,"[(-1, -1), (8, 3), (9, 4), (7, 1), (8, 2), (-1, -1)]"
1168,F,maj9,none,"[(0, 0), (6, 1), (0, 0), (7, 2), (8, 3), (-1, -1)]"
1169,F,sus2,none,"[(8, 1), (8, 1), (10, 4), (10, 3), (8, 1), (-1, -1)]"
1170,F,sus2,none,"[(-1, -1), (-1, -1), (0, 0), (3, 4), (3, 3), (1, 1)]"
1171,F,m11,none,"[(-1, -1), (11, 1), (1, 4), (1, 3), (-1, -1), (1, 2)]"
1172,F,m11,none,"[(8, 1), (9, 2), (8, 1), (8, 1), (8, 1), (-1, -1)]"
1173,F,m11,none,"[(6, 1), (8, 4), (8, 3), (6, 1), (8, 2), (-1, -1)]"
1174,F,m11,none,"[(6, 4), (4, 2), (5, 3), (3, 1), (-1, -1), (-1, -1)]"
1175,F,m11,none,"[(6, 1), (6, 1), (8, 3), (6, 1), (8, 2), (-1, -1)]"
1176,F,add9,none,"[(3, 4), (1, 1), (2, 2), (3, 3), (-1, -1), (-1, -1)]"
1177,F,min,none,"[(1, 1), (1, 1), (1, 1), (3, 4), (3, 3), (1, 1)]"
1178,F,min,none,"[(4, 2), (6, 4), (5, 3), (3, 1), (-1, -1), (-1, -1)]"
1179,F,min,none,"[(8, 1), (9, 2), (10, 4), (10, 3), (8, 1), (-1, -1)]"
1180,F,min,none,"[(1, 1), (1, 1), (1, 1), (3, 3), (-1, -1), (-1, -1)]"
1181,F,min,none,"[(-1, -1), (6, 3), (5, 1), (6, 2), (8, 4), (-1, -1)]"
1182,F,min,none,"[(-1, -1), (-1, -1), (10, 1), (10, 1), (11, 2), (1, 4)]"
1183,F,min7,none,"[(1, 1), (4, 4), (1, 1), (1, 1), (3, 3), (1, 1)]"
1184,F,min7,none,"[(4, 3), (4, 2), (5, 4), (3, 1), (-1, -1), (-1, -1)]"
1185,F,min7,none,"[(8, 1), (9, 2), (8, 1), (10, 3), (8, 1), (-1, -1)]"
1186,F,min7,none,"[(-1, -1), (1, 3), (1, 3), (1, 3), (-1, -1), (1, 2)]"
1187,F,min7,none,"[(-1, -1), (9, 4), (8, 3), (6, 1), (8, 2), (-1, -1)]"
1188,F,6,none,"[(1, 1), (3, 4), (2, 2), (3, 3), (-1, -1), (1, 1)]"
1189,F,6,none,"[(-1, -1), (6, 1), (7, 3), (7, 2), (8, 4), (-1, -1)]"
1190,F,6,none,"[(10, 3), (10, 3), (10, 3), (10, 3), (8, 1), (-1, -1)]"
1191,F,6,none,"[(1, 1), (3, 4), (2, 2), (3, 3), (-1, -1), (-1, -1)]"
1192,F,7(#5),none,"[(1, 1), (2, 3), (2, 2), (1, 1), (-1, -1), (1, 1)]"
1193,F,7(#5),none,"[(9, 2), (10, 3), (8, 1), (11, 4), (8, 1), (-1, -1)]"
1194,F,7(#5),none,"[(-1, -1), (2, 4), (2, 3), (1, 2), (-1, -1), (1, 1)]"
1195,F,7sus4,none,"[(1, 1), (1, 1), (3, 4), (1, 1), (3, 3), (1, 1)]"
1196,F,7sus4,none,"[(-1, -1), (6, 1), (8, 4), (8, 3), (8, 2), (-1, -1)]"
1197,F,7sus4,none,"[(8, 1), (11, 4), (8, 1), (10, 3), (8, 1), (-1, -1)]"
1198,F,maj7,none,"[(0, 0), (1, 2), (2, 3), (3, 4), (-1, -1), (1, 1)]"
1199,F,maj7,none,"[(-1, -1), (1, 2), (2, 4), (2, 3), (-1, -1), (1, 1)]"
1200,F,maj7,none,"[(-1, -1), (10, 4), (9, 2), (10, 3), (8, 1), (-1, -1)]"
1201,F,maj7,none,"[(0, 0), (1, 1), (2, 2), (3, 4), (3, 3), (1, 1)]"
1202,F,maj7,none,"[(0, 0), (1, 1), (2, 2), (3, 3), (-1, -1), (-1, -1)]"
1203,F,maj7,none,"[(8, 1), (10, 4), (9, 2), (10, 3), (8, 1), (-1, -1)]"
1204,F,maj7,none,"[(-1, -1), (10, 4), (9, 3), (7, 1), (8, 2), (-1, -1)]"
1205,F,7(#11),none,"[(-1, -1), (0, 0), (2, 3), (1, 2), (-1, -1), (1, 1)]"
1206,F,m6,none,"[(1, 1), (3, 4), (1, 1), (3, 3), (-1, -1), (1, 1)]"
1207,F,m6,none,"[(-1, -1), (6, 1), (7, 2), (6, 1), (8, 3), (-1, -1)]"
1208,F,m6,none,"[(10, 4), (9, 2), (10, 3), (-1, -1), (8, 1), (-1, -1)]"
1209,F,7(b9),none,"[(2, 3), (1, 1), (2, 2), (1, 1), (-1, -1), (1, 1)]"
1210,F,7(b9),none,"[(2, 1), (4, 3), (2, 1), (3, 2), (-1, -1), (-1, -1)]"
1211,F,7(b9),none,"[(-1, -1), (7, 1), (8, 3), (7, 1), (8, 2), (-1, -1)]"
1212,F,7(b9),none,"[(2, 4), (-1, -1), (2, 3), (1, 2), (-1, -1), (1, 1)]"
1213,F,m9,none,"[(3, 4), (1, 1), (1, 1), (1, 1), (3, 3), (1, 1)]"
1214,F,m9,none,"[(3, 1), (4, 2), (5, 3), (3, 1), (-1, -1), (-1, -1)]"
1215,F,m9,none,"[(-1, -1), (8, 4), (8, 3), (6, 1), (8, 2), (-1, -1)]"
1216,F,sus4,none,"[(1, 1), (1, 1), (3, 4), (3, 3), (1, 1), (1, 1)]"
1217,F,sus4,none,"[(-1, -1), (6, 2), (5, 1), (8, 4), (8, 3), (-1, -1)]"
1218,F,sus4,none,"[(8, 1), (11, 4), (10, 3), (10, 2), (8, 1), (-1, -1)]"
1219,F,6/9,none,"[(1, 3), (1, 2), (0, 0), (0, 0), (0, 0), (1, 1)]"
1220,F,6/9,none,"[(3, 4), (3, 3), (2, 1), (3, 2), (-1, -1), (-1, -1)]"
1221,F,6/9,none,"[(8, 4), (8, 3), (7, 1), (7, 1), (8, 2), (-1, -1)]"
1222,F,6/9,none,"[(-1, -1), (8, 3), (7, 1), (7, 1), (8, 2), (-1, -1)]"
1223,F,6/9,none,"[(-1, -1), (-1, -1), (0, 0), (0, 0), (3, 3), (1, 1)]"
1224,F,6/9,none,"[(3, 4), (3, 3), (0, 0), (0, 0), (3, 2), (1, 1)]"
1225,G,13,none,"[(0, 0), (0, 0), (2, 2), (3, 4), (-1, -1), (3, 3)]"
1226,G,13,none,"[(5, 4), (5, 3), (4, 2), (3, 1), (-1, -1), (3, 1)]"
1227,G,13,none,"[(0, 4), (10, 3), (10, 3), (9, 1), (10, 2), (-1, -1)]"
1228,G,13,none,"[(-1, -1), (5, 4), (4, 3), (3, 2), (-1, -1), (3, 1)]"
1229,G,13,none,"[(3, 1), (5, 4), (4, 2), (3, 1), (5, 3), (3, 1)]"
1230,G,13,none,"[(5, 4), (5, 4), (4, 2), (3, 1), (5, 3), (3, 1)]"
1231,G,7(#9),none,"[(3, 3), (3, 3), (3, 3), (3, 3), (2, 1), (3, 2)]"
1232,G,7(#9),none,"[(6, 4), (3, 1), (4, 2), (3, 1), (5, 3), (3, 1)]"
1233,G,7(#9),none,"[(-1, -1), (11, 4), (10, 3), (9, 1), (10, 2), (-1, -1)]"
1234,G,9,none,"[(-1, -1), (10, 4), (10, 3), (9, 1), (10, 2), (-1, -1)]"
1235,G,9,none,"[(10, 3), (10, 3), (10, 3), (9, 1), (10, 2), (-1, -1)]"
1236,G,9,none,"[(5, 4), (3, 1), (4, 2), (3, 1), (5, 3), (3, 1)]"
1237,G,9,none,"[(5, 1), (6, 2), (7, 3), (5, 1), (-1, -1), (-1, -1)]"
1238,G,9,none,"[(1, 1), (0, 0), (2, 2), (0, 0), (-1, -1), (3, 3)]"
1239,G,9b5,none,"[(3, 4), (2, 1), (2, 1), (3, 3), (2, 1), (3, 2)]"
1240,G,9b5,none,"[(5, 1), (6, 3), (6, 2), (5, 1), (-1, -1), (-1, -1)]"
1241,G,7,none,"[(1, 1), (0, 0), (0, 0), (0, 0), (2, 2), (3, 3)]"
1242,G,7,none,"[(3, 1), (6, 4), (4, 2), (3, 1), (5, 3), (3, 1)]"
1243,G,7,none,"[(-1, -1), (8, 1), (10, 4), (9, 2), (10, 3), (-1, -1)]"
1244,G,7,none,"[(3, 4), (0, 0), (0, 0), (3, 3), (2, 1), (3, 2)]"
1245,G,7,none,"[(1, 1), (3, 4), (0, 0), (0, 0), (2, 2), (3, 3)]"
1246,G,7,none,"[(1, 1), (0, 0), (0, 0), (3, 4), (2, 2), (3, 3)]"
1247,G,7,none,"[(10, 4), (0, 0), (10, 3), (9, 1), (10, 2), (-1, -1)]"
1248,G,7,none,"[(3, 1), (6, 4), (4, 2), (5, 3), (-1, -1), (-1, -1)]"
1249,G,7,none,"[(3, 1), (3, 1), (4, 2), (3, 1), (5, 3), (3, 1)]"
1250,G,7,none,"[(7, 4), (6, 2), (7, 3), (5, 1), (-1, -1), (-1, -1)]"
1251,G,7,none,"[(-1, -1), (3, 3), (4, 4), (3, 2), (-1, -1), (3, 1)]"
1252,G,maj,none,"[(3, 3), (0, 0), (0, 0), (0, 0), (2, 1), (3, 2)]"
1253,G,maj,none,"[(3, 1), (3, 1), (4, 2), (5, 4), (5, 3), (3, 1)]"
1254,G,maj,none,"[(7, 1), (8, 2), (7, 1), (9, 3), (10, 4), (-1, -1)]"
1255,G,maj,none,"[(3, 4), (3, 3), (0, 0), (0, 0), (2, 1), (3, 2)]"
1256,G,maj,none,"[(-1, -1), (-1, -1), (4, 2), (5, 4), (5, 3), (3, 1)]"
1257,G,maj,none,"[(-1, -1), (0, 3), (0, 3), (0, 3), (10, 1), (-1, -1)]"
1258,G,maj,none,"[(3, 4), (0, 0), (0, 0), (0, 0), (-1, -1), (3, 2)]"
1259,G,maj,none,"[(3, 1), (3, 1), (4, 2), (5, 3), (-1, -1), (-1, -1)]"
1260,G,maj,none,"[(10, 1), (0, 3), (0, 3), (0, 3), (10, 1), (-1, -1)]"
1261,G,11,none,"[(1, 1), (1, 1), (2, 2), (3, 4), (-1, -1), (3, 3)]"
1262,G,11,none,"[(5, 1), (6, 2), (5, 1), (5, 1), (-1, -1), (-1, -1)]"
1263,G,11,none,"[(10, 1), (10, 1), (10, 1), (10, 1), (10, 1), (-1, -1)]"
1264,G,maj9,none,"[(-1, -1), (3, 3), (2, 1), (4, 4), (2, 1), (3, 2)]"
1265,G,maj9,none,"[(2, 1), (3, 2), (2, 1), (5, 4), (-1, -1), (-1, -1)]"
1266,G,maj9,none,"[(-1, -1), (10, 3), (11, 4), (9, 1), (10, 2), (-1, -1)]"
1267,G,sus2,none,"[(-1, -1), (10, 1), (0, 4), (0, 3), (10, 1), (-1, -1)]"
1268,G,m11,none,"[(-1, -1), (1, 1), (3, 4), (3, 3), (-1, -1), (3, 2)]"
1269,G,m11,none,"[(1, 4), (11, 2), (10, 1), (10, 1), (10, 1), (-1, -1)]"
1270,G,m11,none,"[(10, 1), (11, 2), (10, 1), (10, 1), (10, 1), (-1, -1)]"
1271,G,m11,none,"[(8, 1), (11, 4), (10, 3), (8, 1), (10, 2), (-1, -1)]"
1272,G,m11,none,"[(8, 1), (10, 4), (10, 3), (8, 1), (10, 2), (-1, -1)]"
1273,G,add9,none,"[(5, 4), (3, 1), (4, 2), (5, 3), (-1, -1), (-1, -1)]"
1274,G,add9,none,"[(-1, -1), (0, 0), (2, 1), (0, 0), (-1, -1), (3, 2)]"
1275,G,min,none,"[(3, 1), (3, 1), (3, 1), (5, 4), (5, 3), (3, 1)]"
1276,G,min,none,"[(6, 2), (8, 4), (7, 3), (5, 1), (-1, -1), (-1, -1)]"
1277,G,min,none,"[(10, 1), (11, 2), (0, 4), (0, 3), (10, 1), (-1, -1)]"
1278,G,7b5,none,"[(-1, -1), (-1, -1), (4, 4), (3, 2), (4, 3), (3, 1)]"
1279,G,7b5,none,"[(7, 4), (6, 3), (6, 2), (5, 1), (-1, -1), (-1, -1)]"
1280,G,7b5,none,"[(-1, -1), (0, 3), (10, 1), (11, 2), (10, 1), (-1, -1)]"
1281,G,min7,none,"[(3, 1), (6, 4), (3, 1), (3, 1), (5, 3), (3, 1)]"
1282,G,min7,none,"[(6, 3), (6, 2), (7, 4), (5, 1), (-1, -1), (-1, -1)]"
1283,G,min7,none,"[(10, 1), (11, 2), (10, 1), (0, 3), (10, 1), (-1, -1)]"
1284,G,min7,none,"[(-1, -1), (3, 3), (3, 3), (3, 3), (-1, -1), (3, 2)]"
1285,G,min7,none,"[(3, 1), (3, 1), (3, 1), (3, 1), (5, 3), (3, 1)]"
1286,G,min7,none,"[(-1, -1), (11, 4), (10, 3), (8, 1), (10, 2), (-1, -1)]"
1287,G,min7,none,"[(1, 1), (3, 4), (3, 3), (-1, -1), (-1, -1), (3, 2)]"
1288,G,dim,none,"[(3, 2), (2, 1), (3, 3), (5, 4), (-1, -1), (-1, -1)]"
1289,G,dim,none,"[(6, 3), (8, 4), (6, 2), (5, 1), (-1, -1), (-1, -1)]"
1290,G,dim,none,"[(-1, -1), (11, 3), (0, 4), (11, 2), (10, 1), (-1, -1)]"
1291,G,6,none,"[(0, 0), (0, 0), (0, 0), (0, 0), (2, 2), (3, 1)]"
1292,G,6,none,"[(3, 1), (5, 4), (4, 2), (5, 3), (-1, -1), (3, 1)]"
1293,G,6,none,"[(-1, -1), (8, 1), (9, 3), (9, 2), (10, 4), (-1, -1)]"
1294,G,6,none,"[(0, 0), (0, 0), (4, 2), (5, 4), (5, 3), (3, 1)]"
1295,G,6,none,"[(0, 0), (3, 1), (4, 2), (5, 3), (-1, -1), (-1, -1)]"
1296,G,6,none,"[(0, 0), (8, 1), (0, 0), (9, 2), (10, 3), (-1, -1)]"
1297,G,6,none,"[(3, 1), (5, 3), (4, 2), (5, 3), (-1, -1), (-1, -1)]"
1298,G,6,none,"[(0, 0), (3, 3), (0, 0), (0, 0), (2, 1), (3, 2)]"
1299,G,6,none,"[(-1, -1), (3, 3), (4, 4), (2, 1), (-1, -1), (3, 2)]"
1300,G,6,none,"[(0, 0), (5, 4), (4, 2), (5, 3), (-1, -1), (-1, -1)]"
1301,G,6,none,"[(0, 0), (3, 2), (4, 3), (5, 4), (-1, -1), (3, 1)]"
1302,G,6,none,"[(0, 0), (3, 4), (0, 0), (0, 0), (-1, -1), (3, 3)]"
1303,G,7(#5),none,"[(3, 1), (4, 3), (4, 2), (3, 1), (-1, -1), (3, 1)]"
1304,G,7(#5),none,"[(11, 2), (0, 3), (10, 1), (1, 4), (10, 1), (-1, -1)]"
1305,G,7(#5),none,"[(-1, -1), (4, 4), (4, 3), (3, 2), (-1, -1), (3, 1)]"
1306,G,7sus4,none,"[(-1, -1), (1, 1), (0, 0), (3, 4), (-1, -1), (3, 3)]"
1307,G,7sus4,none,"[(3, 1), (3, 1), (5, 4), (3, 1), (5, 3), (3, 1)]"
1308,G,7sus4,none,"[(-1, -1), (8, 1), (10, 4), (10, 3), (10, 2), (-1, -1)]"
1309,G,maj7,none,"[(2, 1), (3, 2), (4, 3), (5, 4), (-1, -1), (-1, -1)]"
1310,G,maj7,none,"[(-1, -1), (3, 1), (4, 3), (4, 2), (5, 4), (3, 1)]"
1311,G,maj7,none,"[(7, 1), (7, 1), (7, 1), (9, 3), (10, 4), (-1, -1)]"
1312,G,maj7,none,"[(-1, -1), (3, 2), (4, 4), (4, 3), (-1, -1), (3, 1)]"
1313,G,maj7,none,"[(-1, -1), (0, 4), (11, 2), (0, 3), (10, 1), (-1, -1)]"
1314,G,maj7,none,"[(2, 2), (0, 0), (0, 0), (0, 0), (-1, -1), (3, 3)]"
1315,G,maj7,none,"[(10, 1), (0, 4), (11, 2), (0, 3), (10, 1), (-1, -1)]"
1316,G,maj7,none,"[(7, 4), (7, 4), (7, 4), (5, 1), (-1, -1), (-1, -1)]"
1317,G,maj7,none,"[(2, 1), (0, 0), (0, 0), (4, 4), (2, 2), (3, 3)]"
1318,G,maj7,none,"[(2, 1), (0, 0), (0, 0), (0, 0), (2, 2), (3, 3)]"
1319,G,5,none,"[(-1, -1), (3, 3), (0, 0), (0, 0), (-1, -1), (3, 2)]"
1320,G,7(#11),none,"[(-1, -1), (2, 1), (4, 4), (3, 3), (-1, -1), (3, 2)]"
1321,G,m6,none,"[(3, 1), (5, 4), (3, 1), (5, 3), (-1, -1), (3, 1)]"
1322,G,m6,none,"[(-1, -1), (8, 1), (9, 2), (8, 1), (10, 3), (-1, -1)]"
1323,G,m6,none,"[(0, 4), (11, 2), (0, 3), (-1, -1), (10, 1), (-1, -1)]"
1324,G,m6,none,"[(0, 0), (3, 4), (3, 3), (0, 0), (-1, -1), (3, 2)]"
1325,G,7(b9),none,"[(-1, -1), (0, 0), (1, 1), (3, 4), (2, 2), (3, 3)]"
1326,G,7(b9),none,"[(4, 3), (3, 1), (4, 2), (3, 1), (-1, -1), (3, 1)]"
1327,G,7(b9),none,"[(-1, -1), (9, 1), (10, 3), (9, 1), (10, 2), (-1, -1)]"
1328,G,m9,none,"[(-1, -1), (-1, -1), (2, 2), (3, 4), (1, 1), (3, 3)]"
1329,G,m9,none,"[(5, 4), (3, 1), (3, 1), (3, 1), (5, 3), (3, 1)]"
1330,G,m9,none,"[(-1, -1), (10, 4), (10, 3), (8, 1), (10, 2), (-1, -1)]"
1331,G,m9,none,"[(5, 4), (3, 3), (3, 3), (3, 3), (-1, -1), (3, 2)]"
1332,G,13(b9),none,"[(0, 0), (0, 0), (1, 1), (3, 4), (-1, -1), (3, 3)]"
1333,G,sus4,none,"[(3, 4), (1, 1), (0, 0), (0, 0), (-1, -1), (3, 3)]"
1334,G,sus4,none,"[(3, 1), (3, 1), (5, 4), (5, 3), (3, 1), (3, 1)]"
1335,G,sus4,none,"[(10, 1), (1, 4), (0, 3), (0, 2), (10, 1), (-1, -1)]"
1336,G,sus4,none,"[(3, 1), (3, 1), (5, 4), (5, 3), (-1, -1), (-1, -1)]"
1337,G,6/9,none,"[(3, 4), (3, 3), (2, 1), (2, 1), (2, 1), (3, 2)]"
1338,G,6/9,none,"[(5, 4), (5, 3), (4, 1), (5, 2), (-1, -1), (-1, -1)]"
1339,G,6/9,none,"[(10, 4), (10, 3), (9, 1), (9, 1), (10, 2), (-1, -1)]"
